id,latitude,longitude
1,676483.659,3359256.712
2,676066.090,3360225.582
3,676065.177,3360225.242
4,676064.546,3360225.836
5,676063.944,3360226.216
6,676065.712,3360222.026
7,676062.751,3360217.759
8,676062.299,3360217.807
9,676062.512,3360218.61
10,676061.989,3360219.02
11,676069.788,3360223.616
12,676066.473,3360224.826
13,676064.675,3360225.383
14,676064.744,3360225.579
15,676064.615,3360225.568
16,676064.553,3360225.418
17,676064.344,3360225.368
18,676064.029,3360224.973
19,676064.205,3360225.05
20,676064.614,3360225.131
21,676063.713,3360225.033
22,676063.908,3360224.933
23,676063.076,3360230.05
24,676060.435,3360231.884
25,676060.925,3360227.543
26,676060.418,3360227.005
27,676061.200,3360226.479
28,676062.458,3360226.434
29,676062.796,3360225.956
30,676062.828,3360225.948
31,676062.844,3360225.938
32,676062.844,3360225.948
33,676062.844,3360225.938
34,676062.815,3360225.734
35,676062.778,3360225.584
36,676062.778,3360225.575
37,676062.786,3360225.538
38,676062.803,3360225.52
39,676062.860,3360225.483
40,676062.884,3360225.456
41,676062.982,3360225.42
42,676063.143,3360225.386
43,676063.152,3360225.367
44,676063.136,3360225.367
45,676063.151,3360225.395
46,676063.167,3360225.414
47,676063.191,3360225.405
48,676063.199,3360225.415
49,676063.224,3360225.368
50,676063.274,3360225.313
51,676063.315,3360225.249
52,676063.380,3360225.185
53,676063.486,3360225.112
54,676063.552,3360225.039
55,676063.569,3360225.002
56,676063.641,3360224.994
57,676063.769,3360225.052
58,676063.865,3360225.1
59,676063.848,3360225.146
60,676063.807,3360225.192
61,676063.775,3360225.182
62,676063.719,3360225.144
63,676063.728,3360225.126
64,676063.744,3360225.107
65,676063.753,3360225.061
66,676063.762,3360225.024
67,676063.674,3360224.958
68,676063.643,3360224.892
69,676063.683,3360224.92
70,676063.755,3360224.95
71,676063.779,3360224.959
72,676063.819,3360224.969
73,676063.795,3360224.959
74,676063.763,3360224.959
75,676063.763,3360224.94
76,676063.772,3360224.885
77,676063.781,3360224.848
78,676063.805,3360224.811
79,676063.822,3360224.774
80,676063.838,3360224.784
81,676063.822,3360224.802
82,676063.781,3360224.811
83,676063.757,3360224.819
84,676063.749,3360224.838
85,676063.774,3360224.792
86,676063.766,3360224.782
87,676063.629,3360224.734
88,676063.581,3360224.714
89,676063.598,3360224.705
90,676063.598,3360224.659
91,676063.583,3360224.584
92,676063.600,3360224.566
93,676063.608,3360224.566
94,676063.608,3360224.575
95,676063.600,3360224.575
96,676063.599,3360224.603
97,676063.592,3360224.584
98,676063.600,3360224.538
99,676063.699,3360224.428
100,676063.756,3360224.355
101,676063.796,3360224.374
102,676063.828,3360224.421
103,676063.876,3360224.413
104,676063.868,3360224.422
105,676063.851,3360224.477
106,676063.818,3360224.56
107,676063.760,3360224.643
108,676063.588,3360224.817
109,676063.360,3360224.971
110,676063.133,3360225.032
111,676063.213,3360225.062
112,676063.213,3360225.08
113,676063.108,3360225.06
114,676062.996,3360225.039
115,676062.939,3360225.057
116,676062.923,3360225.085
117,676062.882,3360225.093
118,676062.890,3360225.103
119,676062.890,3360225.131
120,676062.889,3360225.159
121,676062.905,3360225.168
122,676062.905,3360225.196
123,676062.841,3360225.176
124,676062.694,3360225.248
125,676062.466,3360225.44
126,676062.262,3360225.567
127,676062.172,3360225.677
128,676061.923,3360226.091
129,676061.674,3360226.533
130,676061.572,3360226.866
131,676061.399,3360227.123
132,676061.202,3360227.306
133,676061.390,3360227.179
134,676061.398,3360227.16
135,676061.359,3360227.113
136,676061.400,3360227.058
137,676061.349,3360227.225
138,676061.282,3360227.372
139,676061.385,3360227.467
140,676061.465,3360227.505
141,676061.464,3360227.561
142,676061.488,3360227.571
143,676061.606,3360227.758
144,676061.613,3360227.824
145,676061.564,3360227.888
146,676061.434,3360227.923
147,676061.301,3360228.172
148,676061.181,3360228.644
149,676061.092,3360229.181
150,676061.002,3360229.737
151,676060.871,3360230.339
152,676060.832,3360230.803
153,676060.837,3360230.952
154,676060.726,3360230.848
155,676060.632,3360230.717
156,676060.594,3360230.521
157,676060.555,3360230.437
158,676060.573,3360230.353
159,676060.574,3360230.316
160,676060.598,3360230.326
161,676060.646,3360230.345
162,676060.702,3360230.346
163,676060.743,3360230.319
164,676060.760,3360230.273
165,676060.792,3360230.236
166,676060.809,3360230.19
167,676060.842,3360230.134
168,676060.835,3360230.106
169,676060.835,3360230.088
170,676060.870,3360229.949
171,676060.817,3360229.734
172,676060.773,3360229.92
173,676060.784,3360230.254
174,676060.615,3360230.252
175,676060.659,3360229.992
176,676060.628,3360229.964
177,676060.603,3360230.01
178,676060.618,3360230.038
179,676060.626,3360230.085
180,676060.657,3360230.141
181,676060.681,3360230.178
182,676060.688,3360230.225
183,676060.695,3360230.281
184,676060.727,3360230.281
185,676060.751,3360230.282
186,676060.816,3360230.292
187,676060.896,3360230.293
188,676060.806,3360230.366
189,676060.766,3360230.366
190,676060.910,3360230.424
191,676060.982,3360230.481
192,676061.014,3360230.509
193,676061.037,3360230.537
194,676061.054,3360230.519
195,676061.094,3360230.51
196,676061.077,3360230.575
197,676060.931,3360230.619
198,676060.747,3360230.533
199,676060.708,3360230.467
200,676060.839,3360230.33
201,676060.857,3360230.228
202,676060.866,3360230.172
203,676060.859,3360230.098
204,676060.900,3360230.042
205,676060.908,3360230.07
206,676060.938,3360230.173
207,676060.987,3360230.183
208,676060.849,3360230.237
209,676060.887,3360230.395
210,676060.789,3360230.45
211,676060.726,3360230.384
212,676060.728,3360230.226
213,676060.762,3360230.142
214,676060.779,3360230.078
215,676060.738,3360230.086
216,676060.674,3360230.104
217,676060.625,3360230.131
218,676060.592,3360230.158
219,676060.600,3360230.177
220,676060.551,3360230.213
221,676060.574,3360230.288
222,676060.555,3360230.437
223,676060.556,3360230.381
224,676060.582,3360230.27
225,676060.583,3360230.223
226,676060.640,3360230.196
227,676060.752,3360230.217
228,676060.769,3360230.18
229,676060.762,3360230.142
230,676060.770,3360230.115
231,676060.842,3360230.162
232,676060.986,3360230.239
233,676061.056,3360230.37
234,676061.046,3360230.491
235,676061.037,3360230.574
236,676061.027,3360230.676
237,676061.083,3360230.724
238,676061.178,3360230.809
239,676061.194,3360230.846
240,676061.163,3360230.753
241,676061.115,3360230.724
242,676061.154,3360230.781
243,676061.163,3360230.762
244,676061.163,3360230.734
245,676061.131,3360230.715
246,676061.083,3360230.715
247,676061.067,3360230.686
248,676061.042,3360230.723
249,676061.050,3360230.779
250,676061.041,3360230.807
251,676061.095,3360230.984
252,676061.294,3360231.127
253,676061.488,3360231.567
254,676061.352,3360231.983
255,676061.116,3360232.676
256,676060.693,3360233.375
257,676060.259,3360234.288
258,676059.872,3360235.351
259,676059.340,3360236.355
260,676058.744,3360237.312
261,676058.222,3360238.177
262,676057.797,3360239.062
263,676057.411,3360239.976
264,676057.116,3360240.78
265,676057.070,3360241.169
266,676056.888,3360241.473
267,676056.564,3360242.063
268,676056.267,3360242.495
269,676056.093,3360242.771
270,676055.964,3360243.261
271,676055.697,3360243.814
272,676055.455,3360244.322
273,676055.289,3360244.672
274,676055.126,3360244.772
275,676055.189,3360244.838
276,676055.172,3360244.921
277,676055.154,3360245.004
278,676055.105,3360245.05
279,676055.072,3360245.096
280,676055.048,3360245.096
281,676054.992,3360245.095
282,676054.926,3360245.159
283,676054.901,3360245.233
284,676054.868,3360245.251
285,676054.876,3360245.288
286,676054.811,3360245.315
287,676054.665,3360245.35
288,676054.511,3360245.394
289,676054.349,3360245.475
290,676054.155,3360245.527
291,676054.001,3360245.571
292,676053.840,3360245.531
293,676053.664,3360245.445
294,676053.609,3360245.398
295,676053.593,3360245.369
296,676053.537,3360245.331
297,676053.457,3360245.321
298,676053.360,3360245.319
299,676053.311,3360245.346
300,676053.222,3360245.401
301,676053.133,3360245.427
302,676053.108,3360245.445
303,676053.043,3360245.463
304,676052.987,3360245.443
305,676052.996,3360245.406
306,676053.005,3360245.36
307,676052.958,3360245.257
308,676052.896,3360245.126
309,676052.897,3360245.033
310,676052.857,3360245.004
311,676052.841,3360245.013
312,676052.744,3360245.031
313,676052.639,3360245.075
314,676052.557,3360245.13
315,676052.451,3360245.202
316,676052.384,3360245.369
317,676052.586,3360245.325
318,676052.872,3360245.088
319,676053.036,3360244.914
320,676052.947,3360244.95
321,676053.005,3360244.858
322,676053.031,3360244.738
323,676053.065,3360244.636
324,676053.083,3360244.534
325,676053.100,3360244.451
326,676053.117,3360244.377
327,676053.118,3360244.321
328,676052.958,3360244.291
329,676052.869,3360244.271
330,676052.871,3360244.196
331,676052.920,3360244.104
332,676052.953,3360244.067
333,676052.945,3360244.067
334,676052.929,3360244.086
335,676052.920,3360244.113
336,676052.928,3360244.141
337,676052.951,3360244.179
338,676052.983,3360244.226
339,676052.998,3360244.263
340,676052.990,3360244.282
341,676052.990,3360244.31
342,676053.013,3360244.356
343,676053.029,3360244.375
344,676053.028,3360244.394
345,676052.988,3360244.412
346,676052.930,3360244.504
347,676052.864,3360244.577
348,676052.791,3360244.613
349,676052.733,3360244.714
350,676052.698,3360244.881
351,676052.704,3360245.039
352,676052.742,3360245.151
353,676052.765,3360245.254
354,676052.755,3360245.337
355,676052.730,3360245.402
356,676052.713,3360245.457
357,676052.672,3360245.513
358,676052.615,3360245.549
359,676052.574,3360245.595
360,676052.509,3360245.649
361,676052.435,3360245.713
362,676052.369,3360245.786
363,676052.296,3360245.85
364,676052.287,3360245.878
365,676052.223,3360245.896
366,676052.150,3360245.885
367,676052.134,3360245.894
368,676052.150,3360245.876
369,676052.159,3360245.811
370,676052.168,3360245.774
371,676052.176,3360245.793
372,676052.143,3360245.857
373,676052.100,3360245.968
374,676052.052,3360246.004
375,676051.995,3360246.041
376,676051.913,3360246.086
377,676051.856,3360246.15
378,676051.870,3360246.28
379,676051.820,3360246.344
380,676051.748,3360246.315
381,676051.733,3360246.259
382,676051.688,3360246.082
383,676051.650,3360245.942
384,676051.642,3360245.933
385,676051.642,3360245.933
386,676051.601,3360245.96
387,676051.568,3360246.034
388,676051.526,3360246.08
389,676051.494,3360246.107
390,676051.478,3360246.097
391,676051.510,3360246.107
392,676051.550,3360246.108
393,676051.575,3360246.099
394,676051.615,3360246.062
395,676051.640,3360246.007
396,676051.699,3360245.878
397,676051.822,3360245.75
398,676051.937,3360245.584
399,676052.013,3360245.409
400,676052.040,3360245.251
401,676052.074,3360245.103
402,676052.100,3360244.974
403,676052.110,3360244.881
404,676052.096,3360244.76
405,676052.073,3360244.648
406,676052.075,3360244.536
407,676052.101,3360244.453
408,676052.142,3360244.38
409,676052.184,3360244.306
410,676052.168,3360244.287
411,676052.116,3360244.528
412,676051.878,3360244.793
413,676052.097,3360244.193
414,676052.081,3360244.211
415,676052.047,3360244.267
416,676052.047,3360244.313
417,676051.998,3360244.349
418,676051.920,3360244.199
419,676051.841,3360244.077
420,676051.800,3360244.086
421,676051.834,3360244.031
422,676051.874,3360244.022
423,676051.874,3360244.013
424,676051.865,3360244.059
425,676051.848,3360244.124
426,676051.823,3360244.179
427,676051.806,3360244.235
428,676051.773,3360244.318
429,676051.740,3360244.327
430,676051.732,3360244.345
431,676051.730,3360244.438
432,676051.746,3360244.494
433,676051.769,3360244.541
434,676051.768,3360244.597
435,676051.743,3360244.68
436,676051.718,3360244.726
437,676051.685,3360244.762
438,676051.627,3360244.817
439,676051.579,3360244.854
440,676051.555,3360244.844
441,676051.546,3360244.844
442,676051.538,3360244.853
443,676051.554,3360244.863
444,676051.578,3360244.872
445,676051.659,3360244.846
446,676051.847,3360244.7
447,676052.106,3360244.602
448,676052.074,3360244.592
449,676052.092,3360244.509
450,676052.027,3360244.545
451,676052.027,3360244.536
452,676052.068,3360244.462
453,676051.997,3360244.396
454,676051.885,3360244.32
455,676051.821,3360244.3
456,676051.838,3360244.263
457,676051.839,3360244.207
458,676051.733,3360244.243
459,676051.521,3360244.407
460,676051.157,3360244.503
461,676050.835,3360244.489
462,676050.537,3360244.465
463,676050.659,3360244.402
464,676050.659,3360244.411
465,676050.658,3360244.458
466,676050.674,3360244.505
467,676050.722,3360244.515
468,676050.762,3360244.534
469,676050.810,3360244.553
470,676050.809,3360244.59
471,676050.809,3360244.627
472,676050.792,3360244.674
473,676050.767,3360244.72
474,676050.734,3360244.747
475,676050.686,3360244.756
476,676050.669,3360244.783
477,676050.443,3360244.817
478,676049.828,3360244.983
479,676049.050,3360245.212
480,676048.201,3360245.394
481,676047.249,3360245.499
482,676046.247,3360245.65
483,676045.220,3360245.829
484,676044.138,3360245.96
485,676043.210,3360246.094
486,676042.481,3360246.286
487,676041.705,3360246.413
488,676040.818,3360246.492
489,676039.898,3360246.579
490,676039.056,3360246.779
491,676038.335,3360247
492,676037.567,3360247.192
493,676036.829,3360247.431
494,676036.117,3360247.605
495,676035.404,3360247.891
496,676034.512,3360248.193
497,676033.527,3360248.344
498,676032.614,3360248.45
499,676031.823,3360248.54
500,676031.080,3360248.639
501,676030.416,3360248.842
502,676029.842,3360248.926
503,676029.334,3360248.955
504,676029.012,3360248.931
505,676028.747,3360248.88
506,676028.867,3360248.919
507,676028.893,3360248.864
508,676028.869,3360248.845
509,676028.861,3360248.836
510,676028.893,3360248.818
511,676028.918,3360248.799
512,676028.934,3360248.772
513,676028.943,3360248.763
514,676028.926,3360248.772
515,676028.902,3360248.799
516,676028.893,3360248.808
517,676028.901,3360248.818
518,676028.910,3360248.781
519,676028.918,3360248.772
520,676028.895,3360248.725
521,676028.757,3360248.769
522,676028.651,3360248.851
523,676028.619,3360248.822
524,676028.604,3360248.776
525,676028.613,3360248.739
526,676028.669,3360248.712
527,676028.701,3360248.731
528,676028.644,3360248.814
529,676028.626,3360248.897
530,676028.553,3360248.924
531,676028.521,3360248.914
532,676028.513,3360248.904
533,676028.513,3360248.886
534,676028.530,3360248.849
535,676028.539,3360248.793
536,676028.516,3360248.746
537,676028.524,3360248.728
538,676028.509,3360248.691
539,676028.437,3360248.624
540,676028.398,3360248.568
541,676028.381,3360248.614
542,676028.331,3360248.697
543,676028.347,3360248.734
544,676028.379,3360248.716
545,676028.379,3360248.707
546,676028.348,3360248.669
547,676028.300,3360248.65
548,676028.138,3360248.675
549,676027.953,3360248.672
550,676027.839,3360248.708
551,676027.668,3360248.826
552,676027.464,3360248.98
553,676027.270,3360249.061
554,676027.210,3360249.255
555,676027.119,3360249.43
556,676026.996,3360249.512
557,676026.875,3360249.528
558,676026.802,3360249.546
559,676026.770,3360249.545
560,676026.794,3360249.546
561,676026.818,3360249.555
562,676026.850,3360249.612
563,676026.865,3360249.668
564,676026.904,3360249.724
565,676026.920,3360249.771
566,676026.919,3360249.817
567,676026.918,3360249.854
568,676026.910,3360249.873
569,676026.902,3360249.854
570,676026.886,3360249.826
571,676026.887,3360249.789
572,676026.879,3360249.789
573,676026.903,3360249.826
574,676026.910,3360249.891
575,676026.941,3360249.92
576,676026.853,3360249.9
577,676026.676,3360249.888
578,676026.716,3360249.898
579,676026.773,3360249.852
580,676026.830,3360249.816
581,676026.903,3360249.789
582,676026.919,3360249.826
583,676026.911,3360249.826
584,676026.928,3360249.771
585,676026.952,3360249.781
586,676026.952,3360249.79
587,676026.798,3360249.797
588,676026.685,3360249.841
589,676026.660,3360249.887
590,676026.668,3360249.887
591,676026.685,3360249.851
592,676026.725,3360249.851
593,676026.708,3360249.87
594,676026.749,3360249.87
595,676026.781,3360249.871
596,676026.789,3360249.871
597,676026.788,3360249.908
598,676026.764,3360249.945
599,676026.651,3360249.952
600,676026.618,3360249.989
601,676026.617,3360250.026
602,676026.561,3360249.997
603,676026.522,3360249.959
604,676026.498,3360249.931
605,676026.523,3360249.904
606,676026.556,3360249.858
607,676026.540,3360249.83
608,676026.500,3360249.82
609,676026.443,3360249.856
610,676026.402,3360249.892
611,676026.353,3360249.938
612,676026.311,3360250.012
613,676026.270,3360250.058
614,676026.246,3360250.076
615,676026.245,3360250.094
616,676026.229,3360250.103
617,676026.213,3360250.103
618,676026.221,3360250.113
619,676026.229,3360250.094
620,676026.245,3360250.113
621,676026.229,3360250.131
622,676026.229,3360250.141
623,676026.277,3360250.151
624,676026.285,3360250.169
625,676026.309,3360250.16
626,676026.341,3360250.142
627,676026.359,3360250.04
628,676026.369,3360249.929
629,676026.354,3360249.855
630,676026.322,3360249.845
631,676026.242,3360249.797
632,676026.178,3360249.768
633,676026.082,3360249.766
634,676026.009,3360249.775
635,676025.976,3360249.802
636,676025.960,3360249.83
637,676025.927,3360249.838
638,676025.911,3360249.819
639,676025.904,3360249.81
640,676025.904,3360249.782
641,676025.897,3360249.745
642,676025.897,3360249.745
643,676025.896,3360249.782
644,676025.879,3360249.819
645,676025.886,3360249.893
646,676025.877,3360249.949
647,676025.900,3360250.005
648,676025.916,3360250.043
649,676025.900,3360250.033
650,676025.917,3360249.996
651,676025.941,3360250.006
652,676025.940,3360250.024
653,676025.964,3360250.034
654,676026.012,3360250.081
655,676026.044,3360250.119
656,676026.027,3360250.147
657,676026.010,3360250.174
658,676026.010,3360250.193
659,676026.018,3360250.193
660,676026.010,3360250.174
661,676026.011,3360250.118
662,676026.004,3360250.063
663,676026.029,3360250.017
664,676025.920,3360249.792
665,676025.520,3360249.618
666,676024.851,3360249.626
667,676023.914,3360249.759
668,676022.904,3360249.938
669,676021.862,3360250.089
670,676020.861,3360250.147
671,676019.934,3360250.188
672,676019.013,3360250.321
673,676018.157,3360250.41
674,676017.303,3360250.433
675,676016.462,3360250.568
676,676015.654,3360250.722
677,676014.839,3360250.793
678,676013.942,3360250.955
679,676013.053,3360251.099
680,676012.164,3360251.279
681,676011.170,3360251.458
682,676010.167,3360251.665
683,676009.149,3360251.816
684,676008.091,3360251.938
685,676007.058,3360252.042
686,676006.122,3360252.148
687,676005.160,3360252.3
688,676004.270,3360252.527
689,676003.438,3360252.653
690,676002.656,3360252.687
691,676001.873,3360252.721
692,676001.259,3360252.832
693,676000.847,3360252.927
694,676000.524,3360252.931
695,676001.049,3360252.875
696,676001.624,3360252.717
697,676002.335,3360252.552
698,676003.063,3360252.405
699,676003.830,3360252.306
700,676004.074,3360252.18
701,676003.899,3360252.047
702,676004.050,3360252.17
703,676004.268,3360252.137
704,676004.542,3360252.169
705,676004.806,3360252.248
706,676004.768,3360252.136
707,676004.761,3360252.07
708,676004.762,3360252.005
709,676004.772,3360251.875
710,676004.731,3360251.949
711,676004.721,3360252.023
712,676004.753,3360252.033
713,676004.810,3360252.043
714,676004.842,3360252.053
715,676004.842,3360252.044
716,676004.825,3360252.081
717,676004.784,3360252.117
718,676004.751,3360252.163
719,676004.735,3360252.182
720,676004.710,3360252.209
721,676004.694,3360252.227
722,676004.710,3360252.246
723,676004.718,3360252.246
724,676004.750,3360252.247
725,676004.806,3360252.257
726,676004.822,3360252.276
727,676004.806,3360252.248
728,676004.482,3360252.345
729,676003.754,3360252.547
730,676002.841,3360252.681
731,676001.904,3360252.805
732,676001.073,3360252.875
733,676000.386,3360252.994
734,675999.820,3360253.124
735,675999.423,3360253.248
736,675999.139,3360253.383
737,675998.943,3360253.51
738,675999.160,3360253.55
739,675999.496,3360253.714
740,675999.956,3360253.684
741,676000.263,3360253.633
742,676000.302,3360253.69
743,676000.315,3360253.411
744,676000.334,3360253.253
745,676000.352,3360253.133
746,676000.345,3360253.049
747,676000.306,3360252.974
748,676000.258,3360252.918
749,676000.154,3360252.888
750,676000.099,3360252.841
751,676000.115,3360252.813
752,676000.115,3360252.832
753,676000.146,3360252.869
754,676000.146,3360252.869
755,676000.129,3360252.934
756,676000.087,3360253.045
757,676000.070,3360253.128
758,676000.084,3360253.212
759,676000.051,3360253.314
760,676000.001,3360253.415
761,675999.935,3360253.47
762,675999.846,3360253.534
763,675999.853,3360253.58
764,675999.900,3360253.627
765,675999.964,3360253.684
766,676000.020,3360253.741
767,676000.099,3360253.798
768,676000.163,3360253.864
769,676000.242,3360253.921
770,676000.306,3360253.978
771,676000.337,3360254.034
772,676000.352,3360254.099
773,676000.367,3360254.155
774,676000.359,3360254.202
775,676000.350,3360254.229
776,676000.309,3360254.247
777,676000.285,3360254.238
778,676000.253,3360254.237
779,676000.221,3360254.209
780,676000.198,3360254.181
781,676000.142,3360254.161
782,676000.061,3360254.141
783,675999.974,3360254.084
784,675999.845,3360254.054
785,675999.773,3360254.016
786,675999.701,3360253.977
787,675999.638,3360253.883
788,675999.560,3360253.752
789,675999.464,3360253.676
790,675999.401,3360253.619
791,675999.369,3360253.619
792,675999.321,3360253.59
793,675999.281,3360253.562
794,675999.257,3360253.552
795,675999.209,3360253.542
796,675999.136,3360253.55
797,675999.056,3360253.539
798,675998.976,3360253.51
799,675998.896,3360253.463
800,675998.824,3360253.406
801,675998.777,3360253.349
802,675998.680,3360253.329
803,675998.487,3360253.317
804,675998.382,3360253.324
805,675998.333,3360253.351
806,675998.293,3360253.369
807,675998.277,3360253.378
808,675998.244,3360253.396
809,675998.196,3360253.405
810,675998.155,3360253.423
811,675998.138,3360253.45
812,675998.130,3360253.469
813,675998.122,3360253.459
814,675998.131,3360253.432
815,675998.155,3360253.432
816,675998.163,3360253.432
817,675998.187,3360253.414
818,675998.195,3360253.433
819,675998.163,3360253.441
820,675998.114,3360253.45
821,675998.074,3360253.468
822,675998.041,3360253.486
823,675998.033,3360253.504
824,675998.049,3360253.495
825,675998.049,3360253.495
826,675998.025,3360253.504
827,675998.041,3360253.523
828,675998.056,3360253.542
829,675998.065,3360253.533
830,675998.064,3360253.551
831,675998.048,3360253.588
832,675998.031,3360253.616
833,675998.007,3360253.634
834,675998.006,3360253.653
835,675998.006,3360253.671
836,675998.005,3360253.746
837,675998.012,3360253.792
838,675997.979,3360253.838
839,675997.738,3360253.778
840,675997.246,3360253.789
841,675996.592,3360253.881
842,675995.825,3360253.989
843,675994.993,3360254.124
844,675994.210,3360254.195
845,675993.507,3360254.305
846,675992.707,3360254.45
847,675991.818,3360254.621
848,675990.953,3360254.756
849,675990.212,3360254.763
850,675989.550,3360254.817
851,675988.952,3360254.937
852,675988.225,3360254.991
853,675987.459,3360255.053
854,675986.675,3360255.161
855,675985.907,3360255.334
856,675985.082,3360255.498
857,675984.210,3360255.586
858,675983.362,3360255.721
859,675982.465,3360255.901
860,675981.495,3360256.053
861,675980.494,3360256.158
862,675979.566,3360256.226
863,675978.759,3360256.325
864,675977.951,3360256.47
865,675977.232,3360256.579
866,675976.561,3360256.679
867,675975.923,3360256.799
868,675975.566,3360256.896
869,675975.429,3360256.931
870,675975.550,3360256.905
871,675975.549,3360256.951
872,675975.533,3360256.988
873,675975.508,3360256.988
874,675975.492,3360256.997
875,675975.476,3360257.015
876,675975.452,3360257.005
877,675975.388,3360256.986
878,675975.340,3360256.957
879,675975.292,3360256.928
880,675975.211,3360256.918
881,675975.155,3360256.908
882,675975.083,3360256.897
883,675975.035,3360256.887
884,675974.930,3360256.895
885,675974.873,3360256.894
886,675974.857,3360256.912
887,675974.865,3360256.931
888,675974.897,3360256.941
889,675974.921,3360256.932
890,675974.969,3360256.942
891,675974.969,3360256.942
892,675975.001,3360256.961
893,675975.025,3360256.971
894,675975.041,3360256.98
895,675975.049,3360256.999
896,675975.024,3360257.017
897,675975.032,3360257.045
898,675975.024,3360257.063
899,675975.032,3360257.054
900,675975.040,3360257.064
901,675975.128,3360257.074
902,675975.192,3360257.122
903,675975.255,3360257.216
904,675975.117,3360257.288
905,675974.900,3360257.266
906,675974.681,3360257.337
907,675974.390,3360257.406
908,675974.332,3360257.461
909,675974.138,3360257.505
910,675973.959,3360257.604
911,675973.693,3360257.627
912,675973.378,3360257.687
913,675973.289,3360257.686
914,675973.088,3360257.683
915,675972.985,3360257.56
916,675972.930,3360257.457
917,675972.850,3360257.456
918,675972.769,3360257.482
919,675972.760,3360257.482
920,675972.753,3360257.473
921,675972.753,3360257.464
922,675972.737,3360257.454
923,675972.705,3360257.416
924,675972.706,3360257.388
925,675972.730,3360257.38
926,675972.746,3360257.352
927,675972.755,3360257.306
928,675972.732,3360257.259
929,675972.725,3360257.194
930,675972.701,3360257.175
931,675972.661,3360257.155
932,675972.637,3360257.155
933,675972.629,3360257.155
934,675972.637,3360257.118
935,675972.598,3360257.061
936,675972.566,3360257.042
937,675972.534,3360257.014
938,675972.519,3360256.986
939,675972.455,3360256.929
940,675972.384,3360256.872
941,675972.328,3360256.825
942,675972.288,3360256.796
943,675972.272,3360256.796
944,675972.223,3360256.814
945,675972.207,3360256.823
946,675972.183,3360256.795
947,675972.199,3360256.832
948,675972.206,3360256.86
949,675972.206,3360256.86
950,675972.190,3360256.869
951,675972.149,3360256.933
952,675972.084,3360256.97
953,675972.019,3360256.996
954,675971.986,3360257.014
955,675971.986,3360257.042
956,675971.986,3360257.052
957,675971.935,3360257.209
958,675971.666,3360257.409
959,675971.100,3360257.483
960,675970.390,3360257.574
961,675969.590,3360257.719
962,675968.725,3360257.872
963,675967.844,3360257.998
964,675967.020,3360258.124
965,675966.213,3360258.222
966,675965.341,3360258.31
967,675964.477,3360258.445
968,675963.701,3360258.581
969,675962.941,3360258.745
970,675962.124,3360258.89
971,675961.365,3360259.008
972,675960.613,3360259.163
973,675959.797,3360259.252
974,675958.943,3360259.238
975,675958.121,3360259.29
976,675957.297,3360259.416
977,675956.416,3360259.541
978,675955.616,3360259.705
979,675954.848,3360259.86
980,675954.048,3360259.959
981,675953.290,3360260.021
982,675952.628,3360260.066
983,675951.974,3360260.167
984,675951.286,3360260.314
985,675950.599,3360260.442
986,675949.896,3360260.551
987,675949.194,3360260.614
988,675948.443,3360260.695
989,675947.797,3360260.833
990,675947.262,3360260.983
991,675946.971,3360261.071
992,675946.695,3360261.169
993,675946.784,3360261.179
994,675946.799,3360261.208
995,675946.799,3360261.217
996,675946.912,3360261.228
997,675946.977,3360261.192
998,675947.002,3360261.136
999,675946.979,3360261.08
1000,675946.931,3360261.061
1001,675946.882,3360261.069
1002,675946.801,3360261.068
1003,675946.721,3360261.048
1004,675946.681,3360261.038
1005,675946.673,3360261.029
1006,675946.665,3360261.047
1007,675946.657,3360261.057
1008,675946.648,3360261.075
1009,675946.616,3360261.093
1010,675946.591,3360261.139
1011,675946.565,3360261.213
1012,675946.484,3360261.24
1013,675946.298,3360261.33
1014,675945.876,3360261.49
1015,675945.213,3360261.647
1016,675944.421,3360261.736
1017,675943.561,3360261.638
1018,675942.611,3360261.577
1019,675941.602,3360261.69
1020,675940.559,3360261.859
1021,675939.492,3360262.056
1022,675938.490,3360262.254
1023,675937.464,3360262.386
1024,675936.407,3360262.508
1025,675935.325,3360262.621
1026,675934.234,3360262.789
1027,675933.207,3360263.032
1028,675932.196,3360263.267
1029,675931.277,3360263.243
1030,675930.836,3360262.613
1031,675930.675,3360261.607
1032,675930.508,3360260.508
1033,675930.318,3360259.287
1034,675930.046,3360258.14
1035,675929.982,3360257.144
1036,675930.136,3360256.543
1037,675930.647,3360256.393
1038,675931.503,3360256.24
1039,675932.531,3360255.977
1040,675933.599,3360255.716
1041,675934.699,3360255.492
1042,675935.693,3360255.294
1043,675936.937,3360255.11
1044,675937.698,3360254.908
1045,675938.541,3360254.578
1046,675939.393,3360254.239
1047,675940.138,3360254
1048,675940.907,3360253.808
1049,675941.483,3360253.557
1050,675941.993,3360253.407
1051,675942.689,3360253.261
1052,675943.361,3360253.058
1053,675943.937,3360252.825
1054,675944.560,3360252.677
1055,675945.046,3360252.527
1056,675945.299,3360252.336
1057,675945.364,3360252.282
1058,675945.374,3360252.179
1059,675945.366,3360252.124
1060,675945.424,3360252.069
1061,675945.441,3360252.013
1062,675945.303,3360252.085
1063,675945.278,3360252.113
1064,675945.375,3360252.087
1065,675945.440,3360252.05
1066,675945.457,3360251.995
1067,675945.425,3360251.994
1068,675945.377,3360251.966
1069,675945.330,3360251.872
1070,675945.158,3360251.563
1071,675945.030,3360251.022
1072,675944.927,3360250.416
1073,675944.712,3360249.715
1074,675944.683,3360249.018
1075,675944.719,3360248.322
1076,675944.785,3360247.728
1077,675944.754,3360247.123
1078,675944.667,3360246.518
1079,675944.447,3360246.189
1080,675944.055,3360245.988
1081,675944.391,3360246.17
1082,675944.504,3360246.664
1083,675944.769,3360247.216
1084,675944.737,3360247.671
1085,675944.779,3360248.09
1086,675944.848,3360248.314
1087,675944.709,3360248.442
1088,675944.696,3360248.238
1089,675944.657,3360248.172
1090,675944.585,3360248.115
1091,675944.521,3360248.095
1092,675944.481,3360248.076
1093,675944.522,3360248.04
1094,675944.587,3360248.013
1095,675944.627,3360248.013
1096,675944.618,3360248.05
1097,675944.610,3360248.06
1098,675944.609,3360248.106
1099,675944.622,3360248.348
1100,675944.713,3360248.702
1101,675944.916,3360249.05
1102,675944.787,3360249.113
1103,675944.870,3360249.448
1104,675944.970,3360249.757
1105,675944.913,3360249.756
1106,675944.921,3360249.775
1107,675944.897,3360249.737
1108,675944.890,3360249.709
1109,675944.922,3360249.7
1110,675944.930,3360249.682
1111,675944.922,3360249.682
1112,675944.882,3360249.709
1113,675944.809,3360249.726
1114,675944.793,3360249.735
1115,675944.809,3360249.736
1116,675944.800,3360249.745
1117,675944.768,3360249.763
1118,675944.752,3360249.763
1119,675944.744,3360249.735
1120,675944.713,3360249.688
1121,675944.697,3360249.669
1122,675944.690,3360249.613
1123,675944.682,3360249.613
1124,675944.690,3360249.613
1125,675944.698,3360249.604
1126,675944.714,3360249.641
1127,675944.705,3360249.641
1128,675944.706,3360249.632
1129,675944.730,3360249.641
1130,675944.737,3360249.669
1131,675944.714,3360249.623
1132,675944.698,3360249.594
1133,675944.715,3360249.576
1134,675944.699,3360249.529
1135,675944.683,3360249.511
1136,675944.699,3360249.529
1137,675944.724,3360249.52
1138,675944.724,3360249.511
1139,675944.732,3360249.493
1140,675944.741,3360249.456
1141,675944.757,3360249.456
1142,675944.756,3360249.493
1143,675944.748,3360249.512
1144,675944.764,3360249.53
1145,675944.739,3360249.53
1146,675944.707,3360249.539
1147,675944.683,3360249.529
1148,675944.691,3360249.529
1149,675944.683,3360249.52
1150,675944.675,3360249.51
1151,675944.651,3360249.538
1152,675944.651,3360249.547
1153,675944.659,3360249.529
1154,675944.667,3360249.52
1155,675944.667,3360249.52
1156,675944.667,3360249.529
1157,675944.643,3360249.519
1158,675944.603,3360249.472
1159,675944.563,3360249.471
1160,675944.531,3360249.471
1161,675944.640,3360249.705
1162,675944.789,3360249.958
1163,675944.875,3360250.146
1164,675944.738,3360250.115
1165,675944.786,3360250.163
1166,675944.793,3360250.181
1167,675944.809,3360250.237
1168,675944.849,3360250.257
1169,675944.896,3360250.295
1170,675944.937,3360250.295
1171,675945.024,3360250.399
1172,675945.044,3360250.641
1173,675945.097,3360250.874
1174,675945.088,3360250.902
1175,675945.040,3360250.873
1176,675945.008,3360250.845
1177,675945.065,3360250.808
1178,675945.138,3360250.819
1179,675945.114,3360250.8
1180,675945.112,3360250.902
1181,675945.147,3360251.237
1182,675945.261,3360251.676
1183,675945.357,3360252.207
1184,675945.452,3360252.813
1185,675945.506,3360253.483
1186,675945.567,3360254.181
1187,675945.779,3360255.02
1188,675945.928,3360255.794
1189,675945.984,3360256.278
1190,675946.028,3360256.595
1191,675945.909,3360256.454
1192,675945.916,3360256.519
1193,675945.963,3360256.594
1194,675945.970,3360256.659
1195,675945.961,3360256.724
1196,675945.960,3360256.789
1197,675945.976,3360256.817
1198,675946.047,3360256.874
1199,675946.079,3360256.921
1200,675946.102,3360256.949
1201,675946.134,3360256.996
1202,675946.173,3360257.043
1203,675946.245,3360257.1
1204,675946.269,3360257.138
1205,675946.276,3360257.175
1206,675946.291,3360257.222
1207,675946.283,3360257.231
1208,675946.346,3360257.316
1209,675946.418,3360257.391
1210,675946.417,3360257.447
1211,675946.416,3360257.503
1212,675946.383,3360257.521
1213,675946.382,3360257.576
1214,675946.390,3360257.623
1215,675946.430,3360257.642
1216,675946.422,3360257.651
1217,675946.381,3360257.66
1218,675946.357,3360257.66
1219,675946.332,3360257.687
1220,675946.340,3360257.734
1221,675946.379,3360257.772
1222,675946.395,3360257.8
1223,675946.395,3360257.79
1224,675946.380,3360257.753
1225,675946.340,3360257.697
1226,675946.325,3360257.631
1227,675946.349,3360257.632
1228,675946.421,3360257.67
1229,675946.453,3360257.689
1230,675946.453,3360257.708
1231,675946.412,3360257.744
1232,675946.371,3360257.762
1233,675946.363,3360257.79
1234,675946.354,3360257.855
1235,675946.361,3360257.883
1236,675946.409,3360257.93
1237,675946.401,3360257.939
1238,675946.392,3360257.958
1239,675946.344,3360257.985
1240,675946.295,3360257.975
1241,675946.279,3360257.984
1242,675946.263,3360258.011
1243,675946.262,3360258.039
1244,675946.318,3360258.068
1245,675946.358,3360258.097
1246,675946.350,3360258.096
1247,675946.342,3360258.078
1248,675946.318,3360258.049
1249,675946.311,3360258.031
1250,675946.295,3360258.03
1251,675946.279,3360258.021
1252,675946.279,3360258.021
1253,675946.279,3360258.012
1254,675946.327,3360257.984
1255,675946.352,3360257.966
1256,675946.336,3360257.947
1257,675946.304,3360257.919
1258,675946.264,3360257.9
1259,675946.216,3360257.88
1260,675946.152,3360257.898
1261,675946.127,3360257.925
1262,675946.118,3360257.953
1263,675946.143,3360257.935
1264,675946.183,3360257.926
1265,675946.224,3360257.936
1266,675946.240,3360257.927
1267,675946.249,3360257.881
1268,675946.201,3360257.824
1269,675946.145,3360257.777
1270,675946.081,3360257.776
1271,675946.025,3360257.757
1272,675945.969,3360257.728
1273,675945.953,3360257.718
1274,675945.945,3360257.718
1275,675945.929,3360257.709
1276,675945.938,3360257.672
1277,675945.970,3360257.644
1278,675946.011,3360257.636
1279,675946.059,3360257.627
1280,675946.100,3360257.618
1281,675946.132,3360257.591
1282,675946.133,3360257.582
1283,675946.109,3360257.553
1284,675946.061,3360257.516
1285,675945.989,3360257.486
1286,675945.901,3360257.466
1287,675945.877,3360257.438
1288,675945.886,3360257.392
1289,675945.815,3360257.307
1290,675945.719,3360257.213
1291,675945.680,3360257.166
1292,675945.656,3360257.119
1293,675945.649,3360257.109
1294,675945.641,3360257.091
1295,675945.680,3360257.128
1296,675945.971,3360257.077
1297,675946.562,3360256.92
1298,675947.354,3360256.793
1299,675948.234,3360256.686
1300,675949.154,3360256.599
1301,675950.082,3360256.549
1302,675951.017,3360256.536
1303,675951.977,3360256.468
1304,675952.938,3360256.344
1305,675953.794,3360256.209
1306,675954.619,3360256.074
1307,675955.492,3360255.912
1308,675956.308,3360255.776
1309,675957.012,3360255.592
1310,675957.740,3360255.39
1311,675958.420,3360255.253
1312,675959.035,3360255.086
1313,675959.787,3360254.931
1314,675960.675,3360254.843
1315,675961.603,3360254.737
1316,675962.621,3360254.586
1317,675963.655,3360254.454
1318,675964.591,3360254.376
1319,675965.503,3360254.27
1320,675966.423,3360254.164
1321,675967.360,3360254.068
1322,675968.329,3360253.954
1323,675969.306,3360253.811
1324,675970.332,3360253.651
1325,675971.349,3360253.556
1326,675972.293,3360253.488
1327,675973.011,3360253.472
1328,675973.413,3360253.534
1329,675973.517,3360253.526
1330,675973.211,3360253.521
1331,675973.106,3360253.529
1332,675973.106,3360253.585
1333,675973.144,3360253.669
1334,675973.159,3360253.762
1335,675973.182,3360253.809
1336,675973.222,3360253.856
1337,675973.166,3360253.855
1338,675973.125,3360253.882
1339,675973.100,3360253.919
1340,675973.099,3360253.966
1341,675973.132,3360253.966
1342,675973.156,3360253.976
1343,675973.212,3360253.986
1344,675973.276,3360253.996
1345,675973.348,3360254.044
1346,675973.444,3360254.092
1347,675973.508,3360254.13
1348,675973.555,3360254.196
1349,675973.603,3360254.234
1350,675973.634,3360254.272
1351,675973.666,3360254.291
1352,675973.682,3360254.291
1353,675973.700,3360254.226
1354,675973.700,3360254.171
1355,675973.686,3360254.068
1356,675973.655,3360253.975
1357,675973.632,3360253.946
1358,675973.600,3360253.918
1359,675973.552,3360253.908
1360,675973.463,3360253.906
1361,675973.399,3360253.896
1362,675973.343,3360253.877
1363,675973.334,3360253.895
1364,675973.326,3360253.904
1365,675973.310,3360253.904
1366,675973.318,3360253.886
1367,675973.311,3360253.82
1368,675973.312,3360253.746
1369,675973.313,3360253.737
1370,675973.296,3360253.737
1371,675973.265,3360253.69
1372,675973.242,3360253.643
1373,675973.194,3360253.595
1374,675973.154,3360253.567
1375,675973.083,3360253.501
1376,675973.035,3360253.454
1377,675973.036,3360253.398
1378,675973.037,3360253.361
1379,675973.085,3360253.352
1380,675973.158,3360253.344
1381,675973.214,3360253.345
1382,675973.271,3360253.346
1383,675973.303,3360253.328
1384,675973.296,3360253.29
1385,675973.288,3360253.262
1386,675973.256,3360253.225
1387,675973.224,3360253.215
1388,675973.216,3360253.224
1389,675973.241,3360253.206
1390,675973.265,3360253.178
1391,675973.290,3360253.132
1392,675973.315,3360253.105
1393,675973.339,3360253.087
1394,675973.364,3360253.059
1395,675973.348,3360253.013
1396,675973.301,3360252.956
1397,675973.261,3360252.918
1398,675973.237,3360252.899
1399,675973.246,3360252.89
1400,675973.254,3360252.899
1401,675973.270,3360252.9
1402,675973.277,3360252.928
1403,675973.253,3360252.937
1404,675973.228,3360252.983
1405,675973.194,3360253.094
1406,675973.185,3360253.177
1407,675973.231,3360253.271
1408,675973.238,3360253.382
1409,675973.228,3360253.512
1410,675973.218,3360253.624
1411,675973.232,3360253.708
1412,675973.248,3360253.764
1413,675973.223,3360253.8
1414,675973.255,3360253.829
1415,675973.286,3360253.857
1416,675973.318,3360253.904
1417,675973.333,3360253.951
1418,675973.365,3360253.989
1419,675973.340,3360254.007
1420,675973.300,3360254.034
1421,675973.307,3360254.099
1422,675973.346,3360254.137
1423,675973.469,3360254.037
1424,675973.559,3360253.927
1425,675973.504,3360253.851
1426,675973.500,3360253.61
1427,675973.867,3360253.346
1428,675974.547,3360253.125
1429,675975.452,3360253.028
1430,675976.548,3360252.999
1431,675977.550,3360252.857
1432,675978.429,3360252.788
1433,675979.254,3360252.643
1434,675980.175,3360252.5
1435,675981.200,3360252.396
1436,675982.274,3360252.255
1437,675983.283,3360252.142
1438,675984.397,3360252.002
1439,675985.497,3360251.806
1440,675986.547,3360251.609
1441,675987.150,3360251.228
1442,675987.369,3360251.102
1443,675987.472,3360251.215
1444,675987.312,3360251.184
1445,675987.263,3360251.184
1446,675987.280,3360251.165
1447,675987.568,3360251.272
1448,675988.245,3360251.283
1449,675989.157,3360251.186
1450,675990.214,3360251.12
1451,675991.248,3360250.96
1452,675992.307,3360250.745
1453,675993.423,3360250.549
1454,675994.521,3360250.381
1455,675995.434,3360250.228
1456,675996.268,3360250.037
1457,675997.018,3360249.994
1458,675997.913,3360249.971
1459,675998.825,3360249.874
1460,675999.672,3360249.841
1461,676000.082,3360249.904
1462,676000.143,3360250.081
1463,676000.080,3360250.006
1464,676000.048,3360249.987
1465,675999.975,3360250.014
1466,675999.943,3360250.004
1467,675999.991,3360249.995
1468,676000.048,3360250.006
1469,676000.056,3360250.006
1470,676000.040,3360250.005
1471,676000.007,3360250.014
1472,676000.023,3360250.005
1473,676000.056,3360249.987
1474,676000.073,3360249.95
1475,676000.057,3360249.894
1476,676000.042,3360249.866
1477,676000.034,3360249.866
1478,676000.049,3360249.922
1479,676000.065,3360249.959
1480,676000.096,3360249.997
1481,676000.152,3360250.035
1482,676000.224,3360250.073
1483,676000.232,3360250.055
1484,676000.217,3360249.999
1485,676000.234,3360249.971
1486,676000.250,3360249.962
1487,676000.275,3360249.926
1488,676000.251,3360249.869
1489,676000.235,3360249.878
1490,676000.235,3360249.86
1491,676000.204,3360249.822
1492,676000.164,3360249.775
1493,676000.173,3360249.701
1494,676000.206,3360249.674
1495,676000.214,3360249.655
1496,676000.175,3360249.627
1497,676000.159,3360249.598
1498,676000.119,3360249.57
1499,676000.047,3360249.522
1500,676000.008,3360249.494
1501,676000.024,3360249.503
1502,676000.088,3360249.532
1503,676000.112,3360249.523
1504,676000.120,3360249.533
1505,676000.160,3360249.533
1506,676000.168,3360249.552
1507,676000.136,3360249.505
1508,676000.080,3360249.486
1509,676000.072,3360249.476
1510,676000.072,3360249.476
1511,676000.081,3360249.467
1512,676000.105,3360249.477
1513,676000.161,3360249.496
1514,676000.184,3360249.543
1515,676000.216,3360249.571
1516,676000.247,3360249.618
1517,676000.247,3360249.618
1518,676000.191,3360249.627
1519,676000.150,3360249.635
1520,676000.134,3360249.635
1521,676000.143,3360249.607
1522,676000.143,3360249.57
1523,676000.159,3360249.571
1524,676000.200,3360249.562
1525,676000.216,3360249.581
1526,676000.263,3360249.628
1527,676000.295,3360249.666
1528,676000.311,3360249.694
1529,676000.303,3360249.694
1530,676000.310,3360249.703
1531,676000.278,3360249.721
1532,676000.222,3360249.702
1533,676000.198,3360249.683
1534,676000.142,3360249.682
1535,676000.070,3360249.634
1536,676000.362,3360249.499
1537,676001.105,3360249.381
1538,676002.042,3360249.294
1539,676003.019,3360249.152
1540,676004.060,3360249.048
1541,676005.150,3360248.917
1542,676006.200,3360248.776
1543,676007.292,3360248.571
1544,676008.439,3360248.375
1545,676009.506,3360248.17
1546,676010.604,3360248.057
1547,676011.662,3360247.926
1548,676012.704,3360247.794
1549,676013.746,3360247.634
1550,676014.804,3360247.475
1551,676015.823,3360247.277
1552,676016.937,3360247.156
1553,676018.043,3360247.016
1554,676019.021,3360246.827
1555,676019.894,3360246.674
1556,676020.758,3360246.549
1557,676021.397,3360246.438
1558,676022.011,3360246.337
1559,676022.673,3360246.245
1560,676023.343,3360246.163
1561,676023.926,3360246.014
1562,676024.516,3360245.912
1563,676025.154,3360245.821
1564,676025.867,3360245.581
1565,676026.528,3360245.564
1566,676026.896,3360245.746
1567,676026.926,3360245.858
1568,676027.073,3360245.759
1569,676027.138,3360245.76
1570,676027.162,3360245.769
1571,676027.177,3360245.797
1572,676027.176,3360245.853
1573,676027.184,3360245.872
1574,676027.248,3360245.929
1575,676027.271,3360245.994
1576,676027.253,3360246.077
1577,676027.268,3360246.189
1578,676027.275,3360246.254
1579,676027.305,3360246.339
1580,676027.368,3360246.442
1581,676027.400,3360246.498
1582,676027.431,3360246.564
1583,676027.430,3360246.61
1584,676027.414,3360246.6
1585,676027.414,3360246.6
1586,676027.389,3360246.637
1587,676027.340,3360246.683
1588,676027.284,3360246.701
1589,676027.170,3360246.717
1590,676027.057,3360246.725
1591,676026.977,3360246.714
1592,676026.808,3360246.674
1593,676026.672,3360246.635
1594,676026.519,3360246.614
1595,676026.375,3360246.584
1596,676026.286,3360246.564
1597,676026.222,3360246.563
1598,676026.157,3360246.599
1599,676026.132,3360246.636
1600,676026.084,3360246.653
1601,676026.091,3360246.681
1602,676026.115,3360246.71
1603,676026.131,3360246.719
1604,676026.179,3360246.757
1605,676026.194,3360246.804
1606,676026.202,3360246.804
1607,676026.210,3360246.785
1608,676026.154,3360246.785
1609,676026.146,3360246.784
1610,676026.154,3360246.803
1611,676026.097,3360246.812
1612,676026.057,3360246.82
1613,676025.985,3360246.791
1614,676025.960,3360246.8
1615,676025.936,3360246.818
1616,676025.903,3360246.855
1617,676025.895,3360246.873
1618,676025.871,3360246.864
1619,676025.896,3360246.808
1620,676025.921,3360246.734
1621,676025.922,3360246.669
1622,676025.947,3360246.595
1623,676025.916,3360246.567
1624,676025.892,3360246.548
1625,676025.852,3360246.519
1626,676025.836,3360246.51
1627,676025.852,3360246.547
1628,676025.843,3360246.557
1629,676025.868,3360246.548
1630,676025.900,3360246.567
1631,676025.860,3360246.501
1632,676025.846,3360246.389
1633,676025.823,3360246.342
1634,676025.823,3360246.305
1635,676025.791,3360246.295
1636,676025.751,3360246.304
1637,676025.735,3360246.276
1638,676025.711,3360246.266
1639,676025.728,3360246.22
1640,676025.769,3360246.146
1641,676025.762,3360246.081
1642,676025.731,3360246.034
1643,676025.684,3360245.959
1644,676025.668,3360245.912
1645,676025.686,3360245.838
1646,676026.044,3360245.621
1647,676026.789,3360245.41
1648,676027.814,3360245.278
1649,676028.969,3360245.102
1650,676030.051,3360244.98
1651,676031.206,3360244.84
1652,676032.361,3360244.664
1653,676033.493,3360244.478
1654,676034.706,3360244.218
1655,676035.990,3360243.998
1656,676037.340,3360243.787
1657,676038.543,3360243.611
1658,676039.737,3360243.519
1659,676040.981,3360243.363
1660,676042.250,3360243.151
1661,676043.510,3360242.967
1662,676044.738,3360242.792
1663,676045.982,3360242.607
1664,676047.146,3360242.384
1665,676048.318,3360242.18
1666,676049.506,3360241.976
1667,676050.645,3360241.8
1668,676051.776,3360241.641
1669,676052.583,3360241.562
1670,676052.976,3360241.679
1671,676053.014,3360241.782
1672,676053.070,3360241.811
1673,676053.118,3360241.868
1674,676053.165,3360241.961
1675,676053.204,3360242.027
1676,676053.219,3360242.074
1677,676053.259,3360242.112
1678,676053.275,3360242.13
1679,676053.314,3360242.159
1680,676053.330,3360242.168
1681,676053.346,3360242.206
1682,676053.337,3360242.252
1683,676053.360,3360242.308
1684,676053.384,3360242.346
1685,676053.423,3360242.393
1686,676053.447,3360242.458
1687,676053.454,3360242.505
1688,676053.462,3360242.514
1689,676053.486,3360242.524
1690,676053.526,3360242.553
1691,676053.533,3360242.599
1692,676053.557,3360242.627
1693,676053.581,3360242.637
1694,676053.611,3360242.731
1695,676053.594,3360242.805
1696,676053.546,3360242.813
1697,676053.482,3360242.756
1698,676053.466,3360242.775
1699,676053.458,3360242.775
1700,676053.458,3360242.765
1701,676053.395,3360242.69
1702,676053.347,3360242.624
1703,676053.316,3360242.54
1704,676053.317,3360242.475
1705,676053.318,3360242.447
1706,676053.318,3360242.428
1707,676053.327,3360242.41
1708,676053.343,3360242.392
1709,676053.384,3360242.364
1710,676053.400,3360242.365
1711,676053.408,3360242.346
1712,676053.417,3360242.319
1713,676053.425,3360242.3
1714,676053.409,3360242.281
1715,676053.386,3360242.244
1716,676053.369,3360242.253
1717,676053.410,3360242.253
1718,676053.426,3360242.263
1719,676053.346,3360242.215
1720,676053.282,3360242.158
1721,676053.282,3360242.168
1722,676053.274,3360242.186
1723,676053.242,3360242.13
1724,676053.219,3360242.074
1725,676053.187,3360242.036
1726,676053.164,3360241.998
1727,676053.124,3360241.951
1728,676053.101,3360241.923
1729,676053.085,3360241.914
1730,676053.084,3360241.951
1731,676053.051,3360241.987
1732,676053.051,3360242.034
1733,676053.042,3360242.089
1734,676053.049,3360242.127
1735,676053.057,3360242.155
1736,676053.080,3360242.22
1737,676053.079,3360242.257
1738,676053.095,3360242.248
1739,676053.079,3360242.248
1740,676053.095,3360242.267
1741,676053.086,3360242.304
1742,676053.078,3360242.332
1743,676053.371,3360242.169
1744,676053.954,3360242.002
1745,676054.492,3360241.63
1746,676054.879,3360241.088
1747,676055.178,3360240.516
1748,676055.325,3360239.896
1749,676055.737,3360239.392
1750,676056.307,3360238.983
1751,676056.935,3360238.556
1752,676057.626,3360238.149
1753,676058.206,3360237.684
1754,676058.619,3360237.087
1755,676058.742,3360236.401
1756,676058.822,3360235.966
1757,676058.905,3360235.837
1758,676058.832,3360235.836
1759,676058.825,3360235.789
1760,676058.769,3360235.751
1761,676058.697,3360235.731
1762,676058.674,3360235.666
1763,676058.626,3360235.628
1764,676058.650,3360235.619
1765,676058.723,3360235.592
1766,676058.738,3360235.686
1767,676058.786,3360235.705
1768,676058.827,3360235.687
1769,676058.843,3360235.669
1770,676058.899,3360235.698
1771,676058.922,3360235.735
1772,676058.939,3360235.707
1773,676058.995,3360235.727
1774,676058.894,3360235.976
1775,676058.815,3360236.393
1776,676058.689,3360237.246
1777,676058.303,3360238.188
1778,676057.741,3360239.043
1779,676057.257,3360239.574
1780,676056.881,3360239.865
1781,676056.721,3360240.309
1782,676056.341,3360240.897
1783,676055.668,3360241.621
1784,676054.847,3360242.091
1785,676054.084,3360242.413
1786,676053.555,3360242.72
1787,676053.399,3360242.941
1788,676053.395,3360243.155
1789,676053.390,3360242.959
1790,676053.406,3360242.978
1791,676053.413,3360243.034
1792,676053.412,3360243.08
1793,676053.428,3360243.136
1794,676053.443,3360243.192
1795,676053.434,3360243.239
1796,676053.425,3360243.267
1797,676053.425,3360243.304
1798,676053.433,3360243.313
1799,676053.418,3360243.257
1800,676053.426,3360243.229
1801,676053.410,3360243.211
1802,676053.426,3360243.211
1803,676053.394,3360243.22
1804,676053.386,3360243.229
1805,676053.345,3360243.247
1806,676053.337,3360243.256
1807,676053.320,3360243.283
1808,676053.280,3360243.311
1809,676053.264,3360243.301
1810,676053.232,3360243.254
1811,676053.233,3360243.189
1812,676053.250,3360243.134
1813,676053.266,3360243.143
1814,676053.290,3360243.162
1815,676053.290,3360243.144
1816,676053.282,3360243.162
1817,676053.298,3360243.181
1818,676053.338,3360243.219
1819,676053.338,3360243.219
1820,676053.370,3360243.228
1821,676053.418,3360243.257
1822,676053.442,3360243.258
1823,676053.483,3360243.212
1824,676053.523,3360243.203
1825,676053.547,3360243.213
1826,676053.571,3360243.232
1827,676053.587,3360243.251
1828,676053.562,3360243.278
1829,676053.562,3360243.315
1830,676053.545,3360243.343
1831,676053.536,3360243.38
1832,676053.520,3360243.417
1833,676053.519,3360243.454
1834,676053.511,3360243.463
1835,676053.559,3360243.464
1836,676053.616,3360243.465
1837,676053.656,3360243.456
1838,676053.713,3360243.448
1839,676053.761,3360243.449
1840,676053.785,3360243.468
1841,676053.777,3360243.449
1842,676053.770,3360243.421
1843,676053.753,3360243.421
1844,676053.745,3360243.42
1845,676053.746,3360243.402
1846,676053.730,3360243.374
1847,676053.723,3360243.299
1848,676053.732,3360243.262
1849,676053.740,3360243.262
1850,676053.700,3360243.262
1851,676053.667,3360243.252
1852,676053.619,3360243.251
1853,676053.662,3360243.085
1854,676054.078,3360242.766
1855,676054.713,3360242.367
1856,676055.461,3360241.98
1857,676056.227,3360241.472
1858,676056.791,3360240.942
1859,676056.995,3360240.787
1860,676057.117,3360240.715
1861,676057.395,3360240.496
1862,676057.919,3360240.003
1863,676058.637,3360239.438
1864,676059.540,3360238.905
1865,676060.309,3360238.211
1866,676060.742,3360237.363
1867,676060.968,3360236.316
1868,676061.151,3360235.502
1869,676061.352,3360235.031
1870,676061.331,3360235.328
1871,676061.332,3360235.263
1872,676061.352,3360235.022
1873,676061.416,3360234.558
1874,676061.444,3360234.326
1875,676061.499,3360234.364
1876,676061.250,3360234.36
1877,676061.209,3360234.378
1878,676061.169,3360234.359
1879,676061.145,3360234.321
1880,676061.138,3360234.293
1881,676061.122,3360234.293
1882,676061.106,3360234.265
1883,676062.191,3360232.461
RTK5,675945.894,3360256.412
RTK4,675973.438,3360253.531
RTK3,676000.126,3360250.082
RTK2,676027.391,3360246.642
RTK1,676053.045,3360241.735
004,676053.405,3360243.293
Point1,676052.794,3360245.389
Point2,676026.77,3360249.404
Point3,675999.784,3360253.402
Point4,675972.799,3360257.401
Point5,675946.775,3360261.415
