track_fid,track_seg_,track_se_1,ele,time,magvar,geoidheigh,name,cmt,desc,src,link1_href,link1_text,link1_type,link2_href,link2_text,link2_type,sym,type,fix,sat,hdop,vdop,pdop,ageofdgpsd,dgpsid,gpxtpx_Tra,Lat,Long
0,0,0,16.96,9/9/2020 1:06,,,,,,,,,,,,,,,,,,,,,,0,30.40239595,-91.1782303
0,0,1,16,9/9/2020 1:06,,,,,,,,,,,,,,,,,,,,,,0,30.40239503,-91.17821848
0,0,2,16,9/9/2020 1:06,,,,,,,,,,,,,,,,,,,,,,0,30.40239637,-91.17821865
0,0,3,16,9/9/2020 1:06,,,,,,,,,,,,,,,,,,,,,,0,30.40239821,-91.17821789
0,0,4,16,9/9/2020 1:06,,,,,,,,,,,,,,,,,,,,,,0,30.40239939,-91.17821689
0,0,5,16,9/9/2020 1:06,,,,,,,,,,,,,,,,,,,,,,0,30.4023993,-91.17821706
0,0,6,16,9/9/2020 1:06,,,,,,,,,,,,,,,,,,,,,,0,30.40239939,-91.17821714
0,0,7,16,9/9/2020 1:06,,,,,,,,,,,,,,,,,,,,,,0,30.40239972,-91.1782168
0,0,8,16.48,9/9/2020 1:06,,,,,,,,,,,,,,,,,,,,,,0,30.40240358,-91.17821362
0,0,9,16.48,9/9/2020 1:06,,,,,,,,,,,,,,,,,,,,,,0,30.40240768,-91.17821043
0,0,10,16,9/9/2020 1:06,,,,,,,,,,,,,,,,,,,,,,0,30.40241263,-91.17820943
0,0,11,16.48,9/9/2020 1:06,,,,,,,,,,,,,,,,,,,,,,0,30.40241523,-91.17821068
0,0,12,16.48,9/9/2020 1:07,,,,,,,,,,,,,,,,,,,,,,0,30.40241447,-91.17821437
0,0,13,16.48,9/9/2020 1:07,,,,,,,,,,,,,,,,,,,,,,0,30.40241347,-91.17821848
0,0,14,16.96,9/9/2020 1:07,,,,,,,,,,,,,,,,,,,,,,0,30.40241296,-91.17821949
0,0,15,16.96,9/9/2020 1:07,,,,,,,,,,,,,,,,,,,,,,0,30.40241221,-91.17821965
0,0,16,16.96,9/9/2020 1:07,,,,,,,,,,,,,,,,,,,,,,0,30.40241112,-91.17821974
0,0,17,16.96,9/9/2020 1:07,,,,,,,,,,,,,,,,,,,,,,0,30.40240995,-91.17821999
0,0,18,16.96,9/9/2020 1:07,,,,,,,,,,,,,,,,,,,,,,0,30.40240886,-91.17821982
0,0,19,16.96,9/9/2020 1:07,,,,,,,,,,,,,,,,,,,,,,0,30.40240752,-91.17821965
0,0,20,16.96,9/9/2020 1:07,,,,,,,,,,,,,,,,,,,,,,0,30.40240617,-91.17821898
0,0,21,16.96,9/9/2020 1:07,,,,,,,,,,,,,,,,,,,,,,0,30.4024055,-91.17821907
0,0,22,16.96,9/9/2020 1:07,,,,,,,,,,,,,,,,,,,,,,0,30.40239771,-91.17821999
0,0,23,17.44,9/9/2020 1:07,,,,,,,,,,,,,,,,,,,,,,0,30.40239779,-91.17821982
0,0,24,16.96,9/9/2020 1:07,,,,,,,,,,,,,,,,,,,,,,0,30.40239679,-91.17821991
0,0,25,16.96,9/9/2020 1:07,,,,,,,,,,,,,,,,,,,,,,0,30.40239637,-91.17822032
0,0,26,16.96,9/9/2020 1:07,,,,,,,,,,,,,,,,,,,,,,0,30.40239578,-91.17822099
0,0,27,16.96,9/9/2020 1:07,,,,,,,,,,,,,,,,,,,,,,0,30.40239528,-91.17822225
0,0,28,16.96,9/9/2020 1:07,,,,,,,,,,,,,,,,,,,,,,0,30.40239494,-91.17822317
0,0,29,16.48,9/9/2020 1:07,,,,,,,,,,,,,,,,,,,,,,0,30.40239494,-91.1782241
0,0,30,16.48,9/9/2020 1:07,,,,,,,,,,,,,,,,,,,,,,0,30.40239478,-91.17822477
0,0,31,16.48,9/9/2020 1:07,,,,,,,,,,,,,,,,,,,,,,0,30.40239469,-91.17822535
0,0,32,16,9/9/2020 1:07,,,,,,,,,,,,,,,,,,,,,,0,30.40239494,-91.17822586
0,0,33,16,9/9/2020 1:07,,,,,,,,,,,,,,,,,,,,,,0,30.40239511,-91.17822611
0,0,34,16,9/9/2020 1:07,,,,,,,,,,,,,,,,,,,,,,0,30.40239528,-91.17822661
0,0,35,16,9/9/2020 1:07,,,,,,,,,,,,,,,,,,,,,,0,30.40239561,-91.17822728
0,0,36,15.52,9/9/2020 1:07,,,,,,,,,,,,,,,,,,,,,,0,30.40239578,-91.17822762
0,0,37,15.52,9/9/2020 1:07,,,,,,,,,,,,,,,,,,,,,,0,30.40239561,-91.1782277
0,0,38,15.52,9/9/2020 1:07,,,,,,,,,,,,,,,,,,,,,,0,30.40239469,-91.17822745
0,0,39,15.52,9/9/2020 1:07,,,,,,,,,,,,,,,,,,,,,,0,30.40239352,-91.17822778
0,0,40,15.52,9/9/2020 1:07,,,,,,,,,,,,,,,,,,,,,,0,30.40239276,-91.1782282
0,0,41,15.04,9/9/2020 1:07,,,,,,,,,,,,,,,,,,,,,,0,30.40239218,-91.17822829
0,0,42,15.04,9/9/2020 1:07,,,,,,,,,,,,,,,,,,,,,,0,30.40239159,-91.17822862
0,0,43,15.04,9/9/2020 1:07,,,,,,,,,,,,,,,,,,,,,,0,30.40239117,-91.17822862
0,0,44,15.04,9/9/2020 1:07,,,,,,,,,,,,,,,,,,,,,,0,30.402391,-91.17822837
0,0,45,15.04,9/9/2020 1:07,,,,,,,,,,,,,,,,,,,,,,0,30.402391,-91.17822795
0,0,46,15.04,9/9/2020 1:07,,,,,,,,,,,,,,,,,,,,,,0,30.40239109,-91.17822745
0,0,47,15.04,9/9/2020 1:07,,,,,,,,,,,,,,,,,,,,,,0,30.40239067,-91.17822753
0,0,48,14.56,9/9/2020 1:07,,,,,,,,,,,,,,,,,,,,,,0,30.40239008,-91.17822695
0,0,49,14.56,9/9/2020 1:07,,,,,,,,,,,,,,,,,,,,,,0,30.40238949,-91.17822669
0,0,50,14.56,9/9/2020 1:07,,,,,,,,,,,,,,,,,,,,,,0,30.40238857,-91.17822653
0,0,51,14.56,9/9/2020 1:07,,,,,,,,,,,,,,,,,,,,,,0,30.40238773,-91.17822644
0,0,52,14.56,9/9/2020 1:07,,,,,,,,,,,,,,,,,,,,,,0,30.40238698,-91.17822653
0,0,53,14.56,9/9/2020 1:07,,,,,,,,,,,,,,,,,,,,,,0,30.40238631,-91.17822636
0,0,54,14.56,9/9/2020 1:07,,,,,,,,,,,,,,,,,,,,,,0,30.40238589,-91.17822611
0,0,55,14.56,9/9/2020 1:07,,,,,,,,,,,,,,,,,,,,,,0,30.40238556,-91.17822569
0,0,56,14.08,9/9/2020 1:07,,,,,,,,,,,,,,,,,,,,,,0,30.40238505,-91.17822569
0,0,57,14.08,9/9/2020 1:07,,,,,,,,,,,,,,,,,,,,,,0,30.40238472,-91.1782256
0,0,58,14.08,9/9/2020 1:07,,,,,,,,,,,,,,,,,,,,,,0,30.40238472,-91.1782256
0,0,59,14.08,9/9/2020 1:07,,,,,,,,,,,,,,,,,,,,,,0,30.40238463,-91.1782256
0,0,60,14.08,9/9/2020 1:07,,,,,,,,,,,,,,,,,,,,,,0,30.40238438,-91.17822552
0,0,61,14.08,9/9/2020 1:07,,,,,,,,,,,,,,,,,,,,,,0,30.40238438,-91.1782256
0,0,62,14.08,9/9/2020 1:07,,,,,,,,,,,,,,,,,,,,,,0,30.4023843,-91.17822602
0,0,63,14.08,9/9/2020 1:07,,,,,,,,,,,,,,,,,,,,,,0,30.40238421,-91.17822628
0,0,64,14.08,9/9/2020 1:07,,,,,,,,,,,,,,,,,,,,,,0,30.40238413,-91.17822653
0,0,65,13.6,9/9/2020 1:07,,,,,,,,,,,,,,,,,,,,,,0,30.40238388,-91.17822669
0,0,66,13.6,9/9/2020 1:07,,,,,,,,,,,,,,,,,,,,,,0,30.40238396,-91.17822703
0,0,67,13.6,9/9/2020 1:07,,,,,,,,,,,,,,,,,,,,,,0,30.40238421,-91.17822736
0,0,68,13.6,9/9/2020 1:07,,,,,,,,,,,,,,,,,,,,,,0,30.40238438,-91.17822762
0,0,69,13.12,9/9/2020 1:08,,,,,,,,,,,,,,,,,,,,,,0,30.40238438,-91.17822787
0,0,70,13.12,9/9/2020 1:08,,,,,,,,,,,,,,,,,,,,,,0,30.40238413,-91.17822812
0,0,71,13.12,9/9/2020 1:08,,,,,,,,,,,,,,,,,,,,,,0,30.40238413,-91.17822829
0,0,72,13.12,9/9/2020 1:08,,,,,,,,,,,,,,,,,,,,,,0,30.40238405,-91.17822837
0,0,73,13.12,9/9/2020 1:08,,,,,,,,,,,,,,,,,,,,,,0,30.40238413,-91.17822845
0,0,74,13.12,9/9/2020 1:08,,,,,,,,,,,,,,,,,,,,,,0,30.40238396,-91.17822854
0,0,75,13.12,9/9/2020 1:08,,,,,,,,,,,,,,,,,,,,,,0,30.40238388,-91.17822871
0,0,76,13.12,9/9/2020 1:08,,,,,,,,,,,,,,,,,,,,,,0,30.40238379,-91.17822854
0,0,77,13.12,9/9/2020 1:08,,,,,,,,,,,,,,,,,,,,,,0,30.40238379,-91.17822871
0,0,78,13.12,9/9/2020 1:08,,,,,,,,,,,,,,,,,,,,,,0,30.40238379,-91.17822896
0,0,79,13.12,9/9/2020 1:08,,,,,,,,,,,,,,,,,,,,,,0,30.40238354,-91.17822904
0,0,80,13.12,9/9/2020 1:08,,,,,,,,,,,,,,,,,,,,,,0,30.40238304,-91.17822887
0,0,81,13.12,9/9/2020 1:08,,,,,,,,,,,,,,,,,,,,,,0,30.40238245,-91.17822879
0,0,82,13.12,9/9/2020 1:08,,,,,,,,,,,,,,,,,,,,,,0,30.40238187,-91.17822862
0,0,83,13.12,9/9/2020 1:08,,,,,,,,,,,,,,,,,,,,,,0,30.40238111,-91.17822862
0,0,84,13.12,9/9/2020 1:08,,,,,,,,,,,,,,,,,,,,,,0,30.40238053,-91.17822862
0,0,85,13.12,9/9/2020 1:08,,,,,,,,,,,,,,,,,,,,,,0,30.40237994,-91.17822829
0,0,86,13.12,9/9/2020 1:08,,,,,,,,,,,,,,,,,,,,,,0,30.40237818,-91.17822787
0,0,87,13.12,9/9/2020 1:08,,,,,,,,,,,,,,,,,,,,,,0,30.40237751,-91.17822778
0,0,88,13.12,9/9/2020 1:08,,,,,,,,,,,,,,,,,,,,,,0,30.40237709,-91.17822787
0,0,89,13.12,9/9/2020 1:08,,,,,,,,,,,,,,,,,,,,,,0,30.40237667,-91.17822778
0,0,90,13.12,9/9/2020 1:08,,,,,,,,,,,,,,,,,,,,,,0,30.4023765,-91.17822745
0,0,91,12.63,9/9/2020 1:08,,,,,,,,,,,,,,,,,,,,,,0,30.4023765,-91.1782272
0,0,92,12.63,9/9/2020 1:08,,,,,,,,,,,,,,,,,,,,,,0,30.40237659,-91.17822695
0,0,93,12.63,9/9/2020 1:08,,,,,,,,,,,,,,,,,,,,,,0,30.40237675,-91.17822686
0,0,94,12.63,9/9/2020 1:08,,,,,,,,,,,,,,,,,,,,,,0,30.40237709,-91.17822669
0,0,95,12.63,9/9/2020 1:08,,,,,,,,,,,,,,,,,,,,,,0,30.40237726,-91.17822678
0,0,96,12.63,9/9/2020 1:08,,,,,,,,,,,,,,,,,,,,,,0,30.40237742,-91.17822703
0,0,97,13.12,9/9/2020 1:08,,,,,,,,,,,,,,,,,,,,,,0,30.40237768,-91.1782272
0,0,98,13.12,9/9/2020 1:08,,,,,,,,,,,,,,,,,,,,,,0,30.40237793,-91.17822736
0,0,99,13.12,9/9/2020 1:08,,,,,,,,,,,,,,,,,,,,,,0,30.40237818,-91.17822745
0,0,100,13.12,9/9/2020 1:08,,,,,,,,,,,,,,,,,,,,,,0,30.4023786,-91.17822778
0,0,101,13.12,9/9/2020 1:08,,,,,,,,,,,,,,,,,,,,,,0,30.40237893,-91.17822804
0,0,102,13.12,9/9/2020 1:08,,,,,,,,,,,,,,,,,,,,,,0,30.40237902,-91.17822837
0,0,103,13.6,9/9/2020 1:08,,,,,,,,,,,,,,,,,,,,,,0,30.40237893,-91.17822879
0,0,104,13.6,9/9/2020 1:08,,,,,,,,,,,,,,,,,,,,,,0,30.40237893,-91.17822896
0,0,105,13.6,9/9/2020 1:08,,,,,,,,,,,,,,,,,,,,,,0,30.40237877,-91.17822921
0,0,106,13.6,9/9/2020 1:08,,,,,,,,,,,,,,,,,,,,,,0,30.40237851,-91.17822971
0,0,107,13.6,9/9/2020 1:08,,,,,,,,,,,,,,,,,,,,,,0,30.40237835,-91.17823005
0,0,108,13.6,9/9/2020 1:08,,,,,,,,,,,,,,,,,,,,,,0,30.4023781,-91.17823063
0,0,109,14.08,9/9/2020 1:08,,,,,,,,,,,,,,,,,,,,,,0,30.40237768,-91.17823097
0,0,110,14.08,9/9/2020 1:08,,,,,,,,,,,,,,,,,,,,,,0,30.40237734,-91.1782313
0,0,111,14.08,9/9/2020 1:08,,,,,,,,,,,,,,,,,,,,,,0,30.40237692,-91.17823156
0,0,112,14.08,9/9/2020 1:08,,,,,,,,,,,,,,,,,,,,,,0,30.40237659,-91.17823189
0,0,113,14.08,9/9/2020 1:08,,,,,,,,,,,,,,,,,,,,,,0,30.402376,-91.17823214
0,0,114,14.08,9/9/2020 1:08,,,,,,,,,,,,,,,,,,,,,,0,30.40237499,-91.17823239
0,0,115,14.08,9/9/2020 1:08,,,,,,,,,,,,,,,,,,,,,,0,30.40237424,-91.17823239
0,0,116,14.08,9/9/2020 1:08,,,,,,,,,,,,,,,,,,,,,,0,30.40237416,-91.17823223
0,0,117,14.08,9/9/2020 1:08,,,,,,,,,,,,,,,,,,,,,,0,30.40237424,-91.17823206
0,0,118,14.08,9/9/2020 1:08,,,,,,,,,,,,,,,,,,,,,,0,30.40237457,-91.17823172
0,0,119,14.08,9/9/2020 1:08,,,,,,,,,,,,,,,,,,,,,,0,30.40237491,-91.17823139
0,0,120,14.08,9/9/2020 1:08,,,,,,,,,,,,,,,,,,,,,,0,30.40237508,-91.17823105
0,0,121,14.08,9/9/2020 1:08,,,,,,,,,,,,,,,,,,,,,,0,30.40237558,-91.1782308
0,0,122,14.08,9/9/2020 1:08,,,,,,,,,,,,,,,,,,,,,,0,30.40237625,-91.17823055
0,0,123,14.08,9/9/2020 1:08,,,,,,,,,,,,,,,,,,,,,,0,30.40237709,-91.17823038
0,0,124,14.08,9/9/2020 1:08,,,,,,,,,,,,,,,,,,,,,,0,30.40237776,-91.17823038
0,0,125,14.08,9/9/2020 1:08,,,,,,,,,,,,,,,,,,,,,,0,30.40237843,-91.17823038
0,0,126,14.08,9/9/2020 1:08,,,,,,,,,,,,,,,,,,,,,,0,30.40237919,-91.17823055
0,0,127,14.08,9/9/2020 1:08,,,,,,,,,,,,,,,,,,,,,,0,30.40237994,-91.17823072
0,0,128,14.08,9/9/2020 1:08,,,,,,,,,,,,,,,,,,,,,,0,30.40238061,-91.17823089
0,0,129,14.08,9/9/2020 1:09,,,,,,,,,,,,,,,,,,,,,,0,30.40238103,-91.17823089
0,0,130,14.08,9/9/2020 1:09,,,,,,,,,,,,,,,,,,,,,,0,30.4023817,-91.17823105
0,0,131,14.08,9/9/2020 1:09,,,,,,,,,,,,,,,,,,,,,,0,30.40238212,-91.17823139
0,0,132,14.08,9/9/2020 1:09,,,,,,,,,,,,,,,,,,,,,,0,30.40238237,-91.17823172
0,0,133,14.08,9/9/2020 1:09,,,,,,,,,,,,,,,,,,,,,,0,30.40238254,-91.17823189
0,0,134,14.08,9/9/2020 1:09,,,,,,,,,,,,,,,,,,,,,,0,30.40238237,-91.17823181
0,0,135,14.08,9/9/2020 1:09,,,,,,,,,,,,,,,,,,,,,,0,30.4023822,-91.17823181
0,0,136,14.08,9/9/2020 1:09,,,,,,,,,,,,,,,,,,,,,,0,30.40238187,-91.17823181
0,0,137,14.08,9/9/2020 1:09,,,,,,,,,,,,,,,,,,,,,,0,30.40238136,-91.17823172
0,0,138,14.08,9/9/2020 1:09,,,,,,,,,,,,,,,,,,,,,,0,30.40238128,-91.17823189
0,0,139,14.08,9/9/2020 1:09,,,,,,,,,,,,,,,,,,,,,,0,30.4023812,-91.17823181
0,0,140,14.08,9/9/2020 1:09,,,,,,,,,,,,,,,,,,,,,,0,30.40238128,-91.17823147
0,0,141,13.6,9/9/2020 1:09,,,,,,,,,,,,,,,,,,,,,,0,30.40238136,-91.17823114
0,0,142,13.6,9/9/2020 1:09,,,,,,,,,,,,,,,,,,,,,,0,30.40238136,-91.17823072
0,0,143,13.6,9/9/2020 1:09,,,,,,,,,,,,,,,,,,,,,,0,30.40238136,-91.17822988
0,0,144,13.6,9/9/2020 1:09,,,,,,,,,,,,,,,,,,,,,,0,30.40238128,-91.17822904
0,0,145,13.6,9/9/2020 1:09,,,,,,,,,,,,,,,,,,,,,,0,30.40238128,-91.17822829
0,0,146,13.6,9/9/2020 1:09,,,,,,,,,,,,,,,,,,,,,,0,30.4023812,-91.17822812
0,0,147,13.6,9/9/2020 1:09,,,,,,,,,,,,,,,,,,,,,,0,30.4023812,-91.17822862
0,0,148,13.6,9/9/2020 1:09,,,,,,,,,,,,,,,,,,,,,,0,30.40238145,-91.17822896
0,0,149,13.6,9/9/2020 1:09,,,,,,,,,,,,,,,,,,,,,,0,30.4023817,-91.17822913
0,0,150,13.6,9/9/2020 1:09,,,,,,,,,,,,,,,,,,,,,,0,30.40238229,-91.17822954
0,0,151,13.6,9/9/2020 1:09,,,,,,,,,,,,,,,,,,,,,,0,30.40238271,-91.1782298
0,0,152,13.6,9/9/2020 1:09,,,,,,,,,,,,,,,,,,,,,,0,30.40238338,-91.1782298
0,0,153,14.08,9/9/2020 1:09,,,,,,,,,,,,,,,,,,,,,,0,30.40238379,-91.17823005
0,0,154,14.08,9/9/2020 1:09,,,,,,,,,,,,,,,,,,,,,,0,30.40238413,-91.17823021
0,0,155,14.08,9/9/2020 1:09,,,,,,,,,,,,,,,,,,,,,,0,30.40238455,-91.17823038
0,0,156,14.08,9/9/2020 1:09,,,,,,,,,,,,,,,,,,,,,,0,30.40238522,-91.17823072
0,0,157,14.08,9/9/2020 1:09,,,,,,,,,,,,,,,,,,,,,,0,30.40238581,-91.17823105
0,0,158,14.08,9/9/2020 1:09,,,,,,,,,,,,,,,,,,,,,,0,30.40238631,-91.17823139
0,0,159,14.08,9/9/2020 1:09,,,,,,,,,,,,,,,,,,,,,,0,30.4023874,-91.17823214
0,0,160,14.08,9/9/2020 1:09,,,,,,,,,,,,,,,,,,,,,,0,30.40238799,-91.17823265
0,0,161,14.08,9/9/2020 1:09,,,,,,,,,,,,,,,,,,,,,,0,30.40238857,-91.17823298
0,0,162,14.08,9/9/2020 1:09,,,,,,,,,,,,,,,,,,,,,,0,30.40238916,-91.17823315
0,0,163,14.56,9/9/2020 1:09,,,,,,,,,,,,,,,,,,,,,,0,30.40238958,-91.17823348
0,0,164,14.56,9/9/2020 1:09,,,,,,,,,,,,,,,,,,,,,,0,30.40239,-91.17823348
0,0,165,14.56,9/9/2020 1:09,,,,,,,,,,,,,,,,,,,,,,0,30.40239,-91.17823348
0,0,166,14.56,9/9/2020 1:09,,,,,,,,,,,,,,,,,,,,,,0,30.40239008,-91.17823332
0,0,167,14.56,9/9/2020 1:09,,,,,,,,,,,,,,,,,,,,,,0,30.40239017,-91.17823298
0,0,168,14.56,9/9/2020 1:09,,,,,,,,,,,,,,,,,,,,,,0,30.40239067,-91.17823239
0,0,169,14.56,9/9/2020 1:09,,,,,,,,,,,,,,,,,,,,,,0,30.402391,-91.17823189
0,0,170,14.56,9/9/2020 1:09,,,,,,,,,,,,,,,,,,,,,,0,30.40239142,-91.17823072
0,0,171,14.56,9/9/2020 1:09,,,,,,,,,,,,,,,,,,,,,,0,30.40239142,-91.17822946
0,0,172,14.56,9/9/2020 1:09,,,,,,,,,,,,,,,,,,,,,,0,30.40239134,-91.17822921
0,0,173,15.04,9/9/2020 1:09,,,,,,,,,,,,,,,,,,,,,,0,30.40239134,-91.17822921
0,0,174,15.04,9/9/2020 1:09,,,,,,,,,,,,,,,,,,,,,,0,30.40239117,-91.17822938
0,0,175,15.04,9/9/2020 1:09,,,,,,,,,,,,,,,,,,,,,,0,30.40239109,-91.17822963
0,0,176,15.04,9/9/2020 1:09,,,,,,,,,,,,,,,,,,,,,,0,30.402391,-91.17822963
0,0,177,15.04,9/9/2020 1:09,,,,,,,,,,,,,,,,,,,,,,0,30.40239109,-91.17822971
0,0,178,15.04,9/9/2020 1:09,,,,,,,,,,,,,,,,,,,,,,0,30.40239117,-91.17822971
0,0,179,15.04,9/9/2020 1:09,,,,,,,,,,,,,,,,,,,,,,0,30.40239092,-91.17822938
0,0,180,15.04,9/9/2020 1:09,,,,,,,,,,,,,,,,,,,,,,0,30.40239075,-91.17822913
0,0,181,15.04,9/9/2020 1:09,,,,,,,,,,,,,,,,,,,,,,0,30.40239042,-91.17822887
0,0,182,15.52,9/9/2020 1:09,,,,,,,,,,,,,,,,,,,,,,0,30.40239,-91.17822862
0,0,183,15.52,9/9/2020 1:09,,,,,,,,,,,,,,,,,,,,,,0,30.40238941,-91.17822854
0,0,184,15.52,9/9/2020 1:09,,,,,,,,,,,,,,,,,,,,,,0,30.40238908,-91.17822837
0,0,185,15.52,9/9/2020 1:09,,,,,,,,,,,,,,,,,,,,,,0,30.40238866,-91.17822845
0,0,186,15.52,9/9/2020 1:09,,,,,,,,,,,,,,,,,,,,,,0,30.40238849,-91.17822862
0,0,187,15.52,9/9/2020 1:09,,,,,,,,,,,,,,,,,,,,,,0,30.40238874,-91.17822871
0,0,188,15.52,9/9/2020 1:09,,,,,,,,,,,,,,,,,,,,,,0,30.40238882,-91.17822896
0,0,189,15.52,9/9/2020 1:10,,,,,,,,,,,,,,,,,,,,,,0,30.40238924,-91.17822896
0,0,190,15.52,9/9/2020 1:10,,,,,,,,,,,,,,,,,,,,,,0,30.40239,-91.17822913
0,0,191,15.52,9/9/2020 1:10,,,,,,,,,,,,,,,,,,,,,,0,30.40239092,-91.17822904
0,0,192,15.52,9/9/2020 1:10,,,,,,,,,,,,,,,,,,,,,,0,30.40239176,-91.17822904
0,0,193,15.52,9/9/2020 1:10,,,,,,,,,,,,,,,,,,,,,,0,30.40239268,-91.17822913
0,0,194,15.52,9/9/2020 1:10,,,,,,,,,,,,,,,,,,,,,,0,30.4023936,-91.17822913
0,0,195,15.52,9/9/2020 1:10,,,,,,,,,,,,,,,,,,,,,,0,30.40239436,-91.17822929
0,0,196,15.52,9/9/2020 1:10,,,,,,,,,,,,,,,,,,,,,,0,30.40239511,-91.17822954
0,0,197,15.52,9/9/2020 1:10,,,,,,,,,,,,,,,,,,,,,,0,30.40239553,-91.17822946
0,0,198,15.52,9/9/2020 1:10,,,,,,,,,,,,,,,,,,,,,,0,30.40239578,-91.17822921
0,0,199,15.52,9/9/2020 1:10,,,,,,,,,,,,,,,,,,,,,,0,30.40239586,-91.17822913
0,0,200,15.52,9/9/2020 1:10,,,,,,,,,,,,,,,,,,,,,,0,30.40239586,-91.17822879
0,0,201,15.52,9/9/2020 1:10,,,,,,,,,,,,,,,,,,,,,,0,30.40239586,-91.17822845
0,0,202,15.52,9/9/2020 1:10,,,,,,,,,,,,,,,,,,,,,,0,30.40239561,-91.17822812
0,0,203,15.52,9/9/2020 1:10,,,,,,,,,,,,,,,,,,,,,,0,30.40239545,-91.1782277
0,0,204,15.52,9/9/2020 1:10,,,,,,,,,,,,,,,,,,,,,,0,30.40239511,-91.17822728
0,0,205,15.52,9/9/2020 1:10,,,,,,,,,,,,,,,,,,,,,,0,30.40239452,-91.17822678
0,0,206,15.52,9/9/2020 1:10,,,,,,,,,,,,,,,,,,,,,,0,30.40239402,-91.17822636
0,0,207,15.52,9/9/2020 1:10,,,,,,,,,,,,,,,,,,,,,,0,30.40239343,-91.17822619
0,0,208,15.52,9/9/2020 1:10,,,,,,,,,,,,,,,,,,,,,,0,30.40239352,-91.17822602
0,0,209,15.52,9/9/2020 1:10,,,,,,,,,,,,,,,,,,,,,,0,30.40239343,-91.17822577
0,0,210,16,9/9/2020 1:10,,,,,,,,,,,,,,,,,,,,,,0,30.40239377,-91.17822535
0,0,211,16,9/9/2020 1:10,,,,,,,,,,,,,,,,,,,,,,0,30.40239394,-91.1782251
0,0,212,16,9/9/2020 1:10,,,,,,,,,,,,,,,,,,,,,,0,30.40239419,-91.17822452
0,0,213,16,9/9/2020 1:10,,,,,,,,,,,,,,,,,,,,,,0,30.40239461,-91.1782241
0,0,214,16,9/9/2020 1:10,,,,,,,,,,,,,,,,,,,,,,0,30.40239494,-91.17822393
0,0,215,16,9/9/2020 1:10,,,,,,,,,,,,,,,,,,,,,,0,30.40239545,-91.17822359
0,0,216,16,9/9/2020 1:10,,,,,,,,,,,,,,,,,,,,,,0,30.40239586,-91.17822343
0,0,217,16,9/9/2020 1:10,,,,,,,,,,,,,,,,,,,,,,0,30.40239637,-91.17822326
0,0,218,16,9/9/2020 1:10,,,,,,,,,,,,,,,,,,,,,,0,30.40239679,-91.17822292
0,0,219,16,9/9/2020 1:10,,,,,,,,,,,,,,,,,,,,,,0,30.40239737,-91.17822275
0,0,220,16.48,9/9/2020 1:10,,,,,,,,,,,,,,,,,,,,,,0,30.40239813,-91.17822259
0,0,221,16.48,9/9/2020 1:10,,,,,,,,,,,,,,,,,,,,,,0,30.4023988,-91.17822225
0,0,222,16.48,9/9/2020 1:10,,,,,,,,,,,,,,,,,,,,,,0,30.40239964,-91.17822167
0,0,223,16.48,9/9/2020 1:10,,,,,,,,,,,,,,,,,,,,,,0,30.40240031,-91.17822099
0,0,224,16.48,9/9/2020 1:10,,,,,,,,,,,,,,,,,,,,,,0,30.40240106,-91.17822049
0,0,225,16.48,9/9/2020 1:10,,,,,,,,,,,,,,,,,,,,,,0,30.40240165,-91.17822007
0,0,226,16.48,9/9/2020 1:10,,,,,,,,,,,,,,,,,,,,,,0,30.40240224,-91.17821965
0,0,227,16.48,9/9/2020 1:10,,,,,,,,,,,,,,,,,,,,,,0,30.40240274,-91.17821949
0,0,228,16.48,9/9/2020 1:10,,,,,,,,,,,,,,,,,,,,,,0,30.40240299,-91.17821932
0,0,229,16.48,9/9/2020 1:10,,,,,,,,,,,,,,,,,,,,,,0,30.40240291,-91.17821915
0,0,230,16.48,9/9/2020 1:10,,,,,,,,,,,,,,,,,,,,,,0,30.40240291,-91.17821915
0,0,231,16.48,9/9/2020 1:10,,,,,,,,,,,,,,,,,,,,,,0,30.40240291,-91.17821923
0,0,232,16.48,9/9/2020 1:10,,,,,,,,,,,,,,,,,,,,,,0,30.40240299,-91.17821932
0,0,233,16.48,9/9/2020 1:10,,,,,,,,,,,,,,,,,,,,,,0,30.40240307,-91.17821957
0,0,234,16.96,9/9/2020 1:10,,,,,,,,,,,,,,,,,,,,,,0,30.40240282,-91.17822007
0,0,235,16.96,9/9/2020 1:10,,,,,,,,,,,,,,,,,,,,,,0,30.40240274,-91.17822032
0,0,236,16.96,9/9/2020 1:10,,,,,,,,,,,,,,,,,,,,,,0,30.40240249,-91.17822066
0,0,237,16.96,9/9/2020 1:10,,,,,,,,,,,,,,,,,,,,,,0,30.40240207,-91.17822108
0,0,238,16.96,9/9/2020 1:10,,,,,,,,,,,,,,,,,,,,,,0,30.40240182,-91.17822141
0,0,239,16.96,9/9/2020 1:10,,,,,,,,,,,,,,,,,,,,,,0,30.4024019,-91.17822158
0,0,240,16.96,9/9/2020 1:10,,,,,,,,,,,,,,,,,,,,,,0,30.40240173,-91.17822158
0,0,241,17.44,9/9/2020 1:10,,,,,,,,,,,,,,,,,,,,,,0,30.40240156,-91.17822133
0,0,242,17.44,9/9/2020 1:10,,,,,,,,,,,,,,,,,,,,,,0,30.40240123,-91.17822108
0,0,243,17.44,9/9/2020 1:10,,,,,,,,,,,,,,,,,,,,,,0,30.40240089,-91.17822083
0,0,244,17.44,9/9/2020 1:10,,,,,,,,,,,,,,,,,,,,,,0,30.40240022,-91.17822007
0,0,245,17.44,9/9/2020 1:10,,,,,,,,,,,,,,,,,,,,,,0,30.40239964,-91.17821965
0,0,246,17.44,9/9/2020 1:10,,,,,,,,,,,,,,,,,,,,,,0,30.40239905,-91.17821915
0,0,247,17.44,9/9/2020 1:10,,,,,,,,,,,,,,,,,,,,,,0,30.40239863,-91.1782184
0,0,248,17.44,9/9/2020 1:10,,,,,,,,,,,,,,,,,,,,,,0,30.40239804,-91.17821781
0,0,249,17.44,9/9/2020 1:11,,,,,,,,,,,,,,,,,,,,,,0,30.40239788,-91.17821722
0,0,250,17.44,9/9/2020 1:11,,,,,,,,,,,,,,,,,,,,,,0,30.40239771,-91.17821647
0,0,251,17.92,9/9/2020 1:11,,,,,,,,,,,,,,,,,,,,,,0,30.40239729,-91.17821597
0,0,252,17.92,9/9/2020 1:11,,,,,,,,,,,,,,,,,,,,,,0,30.40239695,-91.1782153
0,0,253,17.92,9/9/2020 1:11,,,,,,,,,,,,,,,,,,,,,,0,30.40239679,-91.17821454
0,0,254,17.92,9/9/2020 1:11,,,,,,,,,,,,,,,,,,,,,,0,30.40239645,-91.17821387
0,0,255,17.92,9/9/2020 1:11,,,,,,,,,,,,,,,,,,,,,,0,30.40239628,-91.17821345
0,0,256,17.92,9/9/2020 1:11,,,,,,,,,,,,,,,,,,,,,,0,30.4023962,-91.17821295
0,0,257,17.92,9/9/2020 1:11,,,,,,,,,,,,,,,,,,,,,,0,30.4023962,-91.17821278
0,0,258,17.92,9/9/2020 1:11,,,,,,,,,,,,,,,,,,,,,,0,30.40239612,-91.17821295
0,0,259,18.4,9/9/2020 1:11,,,,,,,,,,,,,,,,,,,,,,0,30.40239628,-91.17821345
0,0,260,18.4,9/9/2020 1:11,,,,,,,,,,,,,,,,,,,,,,0,30.40239645,-91.17821395
0,0,261,18.4,9/9/2020 1:11,,,,,,,,,,,,,,,,,,,,,,0,30.40239679,-91.17821479
0,0,262,18.4,9/9/2020 1:11,,,,,,,,,,,,,,,,,,,,,,0,30.40239737,-91.17821538
0,0,263,18.88,9/9/2020 1:11,,,,,,,,,,,,,,,,,,,,,,0,30.40239771,-91.17821588
0,0,264,18.88,9/9/2020 1:11,,,,,,,,,,,,,,,,,,,,,,0,30.40239838,-91.17821647
0,0,265,18.88,9/9/2020 1:11,,,,,,,,,,,,,,,,,,,,,,0,30.40239888,-91.17821672
0,0,266,19.36,9/9/2020 1:11,,,,,,,,,,,,,,,,,,,,,,0,30.40239955,-91.17821714
0,0,267,19.36,9/9/2020 1:11,,,,,,,,,,,,,,,,,,,,,,0,30.40240006,-91.17821739
0,0,268,19.36,9/9/2020 1:11,,,,,,,,,,,,,,,,,,,,,,0,30.40240039,-91.17821714
0,0,269,19.36,9/9/2020 1:11,,,,,,,,,,,,,,,,,,,,,,0,30.40240056,-91.17821697
0,0,270,19.36,9/9/2020 1:11,,,,,,,,,,,,,,,,,,,,,,0,30.40240048,-91.17821689
0,0,271,19.36,9/9/2020 1:11,,,,,,,,,,,,,,,,,,,,,,0,30.40240031,-91.17821714
0,0,272,19.84,9/9/2020 1:11,,,,,,,,,,,,,,,,,,,,,,0,30.40240031,-91.17821697
0,0,273,19.84,9/9/2020 1:11,,,,,,,,,,,,,,,,,,,,,,0,30.40240014,-91.17821697
0,0,274,19.84,9/9/2020 1:11,,,,,,,,,,,,,,,,,,,,,,0,30.40240014,-91.17821714
0,0,275,19.84,9/9/2020 1:11,,,,,,,,,,,,,,,,,,,,,,0,30.40240014,-91.17821714
0,0,276,19.84,9/9/2020 1:11,,,,,,,,,,,,,,,,,,,,,,0,30.40240022,-91.17821722
0,0,277,20.32,9/9/2020 1:11,,,,,,,,,,,,,,,,,,,,,,0,30.40240022,-91.17821747
0,0,278,20.32,9/9/2020 1:11,,,,,,,,,,,,,,,,,,,,,,0,30.40240031,-91.17821773
0,0,279,20.32,9/9/2020 1:11,,,,,,,,,,,,,,,,,,,,,,0,30.40240031,-91.1782184
0,0,280,20.32,9/9/2020 1:11,,,,,,,,,,,,,,,,,,,,,,0,30.40240073,-91.1782184
0,0,281,20.81,9/9/2020 1:11,,,,,,,,,,,,,,,,,,,,,,0,30.40240098,-91.17821865
0,0,282,20.81,9/9/2020 1:11,,,,,,,,,,,,,,,,,,,,,,0,30.40240056,-91.17821907
0,0,283,20.81,9/9/2020 1:11,,,,,,,,,,,,,,,,,,,,,,0,30.40240006,-91.17821923
0,0,284,20.81,9/9/2020 1:11,,,,,,,,,,,,,,,,,,,,,,0,30.40239955,-91.17821957
0,0,285,21.29,9/9/2020 1:11,,,,,,,,,,,,,,,,,,,,,,0,30.40239888,-91.17822041
0,0,286,21.29,9/9/2020 1:11,,,,,,,,,,,,,,,,,,,,,,0,30.40239855,-91.17822066
0,0,287,21.29,9/9/2020 1:11,,,,,,,,,,,,,,,,,,,,,,0,30.40239804,-91.17822091
0,0,288,21.29,9/9/2020 1:11,,,,,,,,,,,,,,,,,,,,,,0,30.40239754,-91.17822125
0,0,289,21.29,9/9/2020 1:11,,,,,,,,,,,,,,,,,,,,,,0,30.40239704,-91.17822141
0,0,290,21.77,9/9/2020 1:11,,,,,,,,,,,,,,,,,,,,,,0,30.4023967,-91.17822141
0,0,291,21.77,9/9/2020 1:11,,,,,,,,,,,,,,,,,,,,,,0,30.4023962,-91.17822141
0,0,292,21.77,9/9/2020 1:11,,,,,,,,,,,,,,,,,,,,,,0,30.40239586,-91.1782215
0,0,293,21.77,9/9/2020 1:11,,,,,,,,,,,,,,,,,,,,,,0,30.40239536,-91.178222
0,0,294,22.25,9/9/2020 1:11,,,,,,,,,,,,,,,,,,,,,,0,30.40239478,-91.17822275
0,0,295,22.25,9/9/2020 1:11,,,,,,,,,,,,,,,,,,,,,,0,30.40239452,-91.17822343
0,0,296,22.25,9/9/2020 1:11,,,,,,,,,,,,,,,,,,,,,,0,30.40239402,-91.17822443
0,0,297,22.73,9/9/2020 1:11,,,,,,,,,,,,,,,,,,,,,,0,30.40239369,-91.17822527
0,0,298,22.73,9/9/2020 1:11,,,,,,,,,,,,,,,,,,,,,,0,30.40239302,-91.17822636
0,0,299,23.21,9/9/2020 1:11,,,,,,,,,,,,,,,,,,,,,,0,30.40239276,-91.17822678
0,0,300,23.21,9/9/2020 1:11,,,,,,,,,,,,,,,,,,,,,,0,30.40239234,-91.17822753
0,0,301,23.21,9/9/2020 1:11,,,,,,,,,,,,,,,,,,,,,,0,30.40239201,-91.1782277
0,0,302,23.21,9/9/2020 1:11,,,,,,,,,,,,,,,,,,,,,,0,30.40239167,-91.17822804
0,0,303,23.69,9/9/2020 1:11,,,,,,,,,,,,,,,,,,,,,,0,30.40239176,-91.17822812
0,0,304,23.69,9/9/2020 1:11,,,,,,,,,,,,,,,,,,,,,,0,30.40239176,-91.17822795
0,0,305,23.69,9/9/2020 1:11,,,,,,,,,,,,,,,,,,,,,,0,30.40239243,-91.17822711
0,0,306,23.69,9/9/2020 1:11,,,,,,,,,,,,,,,,,,,,,,0,30.40239268,-91.17822686
0,0,307,23.69,9/9/2020 1:11,,,,,,,,,,,,,,,,,,,,,,0,30.40239285,-91.17822644
0,0,308,23.69,9/9/2020 1:11,,,,,,,,,,,,,,,,,,,,,,0,30.40239302,-91.17822628
0,0,309,23.69,9/9/2020 1:12,,,,,,,,,,,,,,,,,,,,,,0,30.40239343,-91.17822577
0,0,310,23.69,9/9/2020 1:12,,,,,,,,,,,,,,,,,,,,,,0,30.40239369,-91.17822577
0,0,311,23.69,9/9/2020 1:12,,,,,,,,,,,,,,,,,,,,,,0,30.40239419,-91.17822552
0,0,312,23.69,9/9/2020 1:12,,,,,,,,,,,,,,,,,,,,,,0,30.40239452,-91.1782256
0,0,313,24.17,9/9/2020 1:12,,,,,,,,,,,,,,,,,,,,,,0,30.40239519,-91.17822535
0,0,314,24.17,9/9/2020 1:12,,,,,,,,,,,,,,,,,,,,,,0,30.40239561,-91.17822519
0,0,315,24.17,9/9/2020 1:12,,,,,,,,,,,,,,,,,,,,,,0,30.40239603,-91.17822527
0,0,316,24.17,9/9/2020 1:12,,,,,,,,,,,,,,,,,,,,,,0,30.40239654,-91.17822544
0,0,317,24.17,9/9/2020 1:12,,,,,,,,,,,,,,,,,,,,,,0,30.40239721,-91.17822527
0,0,318,24.17,9/9/2020 1:12,,,,,,,,,,,,,,,,,,,,,,0,30.40239737,-91.17822527
0,0,319,24.17,9/9/2020 1:12,,,,,,,,,,,,,,,,,,,,,,0,30.40239763,-91.17822502
0,0,320,24.17,9/9/2020 1:12,,,,,,,,,,,,,,,,,,,,,,0,30.40239804,-91.17822468
0,0,321,24.17,9/9/2020 1:12,,,,,,,,,,,,,,,,,,,,,,0,30.4023983,-91.17822401
0,0,322,24.17,9/9/2020 1:12,,,,,,,,,,,,,,,,,,,,,,0,30.40239846,-91.17822343
0,0,323,24.17,9/9/2020 1:12,,,,,,,,,,,,,,,,,,,,,,0,30.40239855,-91.17822292
0,0,324,24.17,9/9/2020 1:12,,,,,,,,,,,,,,,,,,,,,,0,30.40239846,-91.17822275
0,0,325,24.17,9/9/2020 1:12,,,,,,,,,,,,,,,,,,,,,,0,30.4023983,-91.1782225
0,0,326,24.17,9/9/2020 1:12,,,,,,,,,,,,,,,,,,,,,,0,30.4023983,-91.17822242
0,0,327,24.17,9/9/2020 1:12,,,,,,,,,,,,,,,,,,,,,,0,30.4023983,-91.17822217
0,0,328,24.65,9/9/2020 1:12,,,,,,,,,,,,,,,,,,,,,,0,30.40239821,-91.17822183
0,0,329,24.65,9/9/2020 1:12,,,,,,,,,,,,,,,,,,,,,,0,30.40239804,-91.17822158
0,0,330,24.65,9/9/2020 1:12,,,,,,,,,,,,,,,,,,,,,,0,30.40239771,-91.17822158
0,0,331,24.65,9/9/2020 1:12,,,,,,,,,,,,,,,,,,,,,,0,30.40239754,-91.17822099
0,0,332,24.65,9/9/2020 1:12,,,,,,,,,,,,,,,,,,,,,,0,30.40239737,-91.17822066
0,0,333,24.65,9/9/2020 1:12,,,,,,,,,,,,,,,,,,,,,,0,30.40239704,-91.17822041
0,0,334,24.65,9/9/2020 1:12,,,,,,,,,,,,,,,,,,,,,,0,30.4023967,-91.17822024
0,0,335,24.65,9/9/2020 1:12,,,,,,,,,,,,,,,,,,,,,,0,30.4023962,-91.17821991
0,0,336,24.65,9/9/2020 1:12,,,,,,,,,,,,,,,,,,,,,,0,30.4023957,-91.17821957
0,0,337,24.65,9/9/2020 1:12,,,,,,,,,,,,,,,,,,,,,,0,30.40239511,-91.17821898
0,0,338,24.65,9/9/2020 1:12,,,,,,,,,,,,,,,,,,,,,,0,30.40239461,-91.17821882
0,0,339,24.17,9/9/2020 1:12,,,,,,,,,,,,,,,,,,,,,,0,30.40239436,-91.1782189
0,0,340,24.17,9/9/2020 1:12,,,,,,,,,,,,,,,,,,,,,,0,30.40239444,-91.17821873
0,0,341,24.17,9/9/2020 1:12,,,,,,,,,,,,,,,,,,,,,,0,30.40239444,-91.17821882
0,0,342,24.17,9/9/2020 1:12,,,,,,,,,,,,,,,,,,,,,,0,30.40239419,-91.1782194
0,0,343,24.17,9/9/2020 1:12,,,,,,,,,,,,,,,,,,,,,,0,30.40239436,-91.17821957
0,0,344,24.17,9/9/2020 1:12,,,,,,,,,,,,,,,,,,,,,,0,30.40239444,-91.17821974
0,0,345,24.17,9/9/2020 1:12,,,,,,,,,,,,,,,,,,,,,,0,30.40239478,-91.17821999
0,0,346,24.17,9/9/2020 1:12,,,,,,,,,,,,,,,,,,,,,,0,30.40239519,-91.17822016
0,0,347,24.17,9/9/2020 1:12,,,,,,,,,,,,,,,,,,,,,,0,30.4023957,-91.17822024
0,0,348,24.17,9/9/2020 1:12,,,,,,,,,,,,,,,,,,,,,,0,30.40239595,-91.17821991
0,0,349,24.17,9/9/2020 1:12,,,,,,,,,,,,,,,,,,,,,,0,30.40239654,-91.17821932
0,0,350,23.69,9/9/2020 1:12,,,,,,,,,,,,,,,,,,,,,,0,30.40239679,-91.17821898
0,0,351,23.69,9/9/2020 1:12,,,,,,,,,,,,,,,,,,,,,,0,30.40239712,-91.17821882
0,0,352,23.69,9/9/2020 1:12,,,,,,,,,,,,,,,,,,,,,,0,30.40239754,-91.17821848
0,0,353,23.69,9/9/2020 1:12,,,,,,,,,,,,,,,,,,,,,,0,30.40239813,-91.17821831
0,0,354,23.69,9/9/2020 1:12,,,,,,,,,,,,,,,,,,,,,,0,30.40239855,-91.17821798
0,0,355,23.69,9/9/2020 1:12,,,,,,,,,,,,,,,,,,,,,,0,30.40239888,-91.17821781
0,0,356,23.69,9/9/2020 1:12,,,,,,,,,,,,,,,,,,,,,,0,30.40239939,-91.17821798
0,0,357,23.69,9/9/2020 1:12,,,,,,,,,,,,,,,,,,,,,,0,30.40240006,-91.17821798
0,0,358,23.21,9/9/2020 1:12,,,,,,,,,,,,,,,,,,,,,,0,30.40240064,-91.17821806
0,0,359,23.21,9/9/2020 1:12,,,,,,,,,,,,,,,,,,,,,,0,30.40240115,-91.17821798
0,0,360,23.21,9/9/2020 1:12,,,,,,,,,,,,,,,,,,,,,,0,30.40240173,-91.17821798
0,0,361,23.21,9/9/2020 1:12,,,,,,,,,,,,,,,,,,,,,,0,30.40240173,-91.17821789
0,0,362,23.21,9/9/2020 1:12,,,,,,,,,,,,,,,,,,,,,,0,30.4024019,-91.17821773
0,0,363,22.73,9/9/2020 1:12,,,,,,,,,,,,,,,,,,,,,,0,30.40240173,-91.17821764
0,0,364,22.73,9/9/2020 1:12,,,,,,,,,,,,,,,,,,,,,,0,30.4024014,-91.17821747
0,0,365,22.73,9/9/2020 1:12,,,,,,,,,,,,,,,,,,,,,,0,30.40240106,-91.17821689
0,0,366,22.73,9/9/2020 1:12,,,,,,,,,,,,,,,,,,,,,,0,30.40240056,-91.17821647
0,0,367,22.73,9/9/2020 1:12,,,,,,,,,,,,,,,,,,,,,,0,30.4023998,-91.17821605
0,0,368,22.25,9/9/2020 1:12,,,,,,,,,,,,,,,,,,,,,,0,30.40239888,-91.17821563
0,0,369,22.25,9/9/2020 1:13,,,,,,,,,,,,,,,,,,,,,,0,30.4023983,-91.17821504
0,0,370,22.25,9/9/2020 1:13,,,,,,,,,,,,,,,,,,,,,,0,30.40239788,-91.17821471
0,0,371,22.25,9/9/2020 1:13,,,,,,,,,,,,,,,,,,,,,,0,30.40239763,-91.17821412
0,0,372,22.25,9/9/2020 1:13,,,,,,,,,,,,,,,,,,,,,,0,30.40239754,-91.17821353
0,0,373,22.25,9/9/2020 1:13,,,,,,,,,,,,,,,,,,,,,,0,30.40239712,-91.17821295
0,0,374,22.25,9/9/2020 1:13,,,,,,,,,,,,,,,,,,,,,,0,30.40239712,-91.17821253
0,0,375,22.25,9/9/2020 1:13,,,,,,,,,,,,,,,,,,,,,,0,30.40239687,-91.17821228
0,0,376,22.25,9/9/2020 1:13,,,,,,,,,,,,,,,,,,,,,,0,30.40239679,-91.17821194
0,0,377,22.25,9/9/2020 1:13,,,,,,,,,,,,,,,,,,,,,,0,30.40239687,-91.17821152
0,0,378,22.25,9/9/2020 1:13,,,,,,,,,,,,,,,,,,,,,,0,30.40239712,-91.17821119
0,0,379,22.25,9/9/2020 1:13,,,,,,,,,,,,,,,,,,,,,,0,30.40239763,-91.17820993
0,0,380,21.77,9/9/2020 1:13,,,,,,,,,,,,,,,,,,,,,,0,30.40239788,-91.17820943
0,0,381,21.77,9/9/2020 1:13,,,,,,,,,,,,,,,,,,,,,,0,30.4023983,-91.17820892
0,0,382,21.77,9/9/2020 1:13,,,,,,,,,,,,,,,,,,,,,,0,30.4023988,-91.17820834
0,0,383,21.77,9/9/2020 1:13,,,,,,,,,,,,,,,,,,,,,,0,30.40239913,-91.17820775
0,0,384,21.77,9/9/2020 1:13,,,,,,,,,,,,,,,,,,,,,,0,30.4023998,-91.17820708
0,0,385,21.77,9/9/2020 1:13,,,,,,,,,,,,,,,,,,,,,,0,30.40240081,-91.17820608
0,0,386,21.77,9/9/2020 1:13,,,,,,,,,,,,,,,,,,,,,,0,30.4024014,-91.17820591
0,0,387,21.29,9/9/2020 1:13,,,,,,,,,,,,,,,,,,,,,,0,30.40240274,-91.17820515
0,0,388,21.29,9/9/2020 1:13,,,,,,,,,,,,,,,,,,,,,,0,30.40240416,-91.17820473
0,0,389,21.29,9/9/2020 1:13,,,,,,,,,,,,,,,,,,,,,,0,30.40240467,-91.17820473
0,0,390,21.29,9/9/2020 1:13,,,,,,,,,,,,,,,,,,,,,,0,30.40240517,-91.17820499
0,0,391,21.29,9/9/2020 1:13,,,,,,,,,,,,,,,,,,,,,,0,30.40240542,-91.17820557
0,0,392,21.29,9/9/2020 1:13,,,,,,,,,,,,,,,,,,,,,,0,30.40240534,-91.17820599
0,0,393,21.29,9/9/2020 1:13,,,,,,,,,,,,,,,,,,,,,,0,30.40240517,-91.17820649
0,0,394,21.29,9/9/2020 1:13,,,,,,,,,,,,,,,,,,,,,,0,30.40240467,-91.17820649
0,0,395,21.29,9/9/2020 1:13,,,,,,,,,,,,,,,,,,,,,,0,30.40240425,-91.17820666
0,0,396,21.29,9/9/2020 1:13,,,,,,,,,,,,,,,,,,,,,,0,30.402404,-91.17820666
0,0,397,21.29,9/9/2020 1:13,,,,,,,,,,,,,,,,,,,,,,0,30.40240366,-91.17820675
0,0,398,21.29,9/9/2020 1:13,,,,,,,,,,,,,,,,,,,,,,0,30.40240324,-91.17820691
0,0,399,20.81,9/9/2020 1:13,,,,,,,,,,,,,,,,,,,,,,0,30.40240282,-91.17820716
0,0,400,20.81,9/9/2020 1:13,,,,,,,,,,,,,,,,,,,,,,0,30.40240215,-91.17820859
0,0,401,21.29,9/9/2020 1:13,,,,,,,,,,,,,,,,,,,,,,0,30.4024014,-91.17820876
0,0,402,21.29,9/9/2020 1:13,,,,,,,,,,,,,,,,,,,,,,0,30.40240106,-91.17820842
0,0,403,21.29,9/9/2020 1:13,,,,,,,,,,,,,,,,,,,,,,0,30.40240039,-91.17820926
0,0,404,21.29,9/9/2020 1:13,,,,,,,,,,,,,,,,,,,,,,0,30.40240022,-91.17820951
0,0,405,21.29,9/9/2020 1:13,,,,,,,,,,,,,,,,,,,,,,0,30.40239997,-91.17820968
0,0,406,21.29,9/9/2020 1:13,,,,,,,,,,,,,,,,,,,,,,0,30.4023998,-91.17820943
0,0,407,21.29,9/9/2020 1:13,,,,,,,,,,,,,,,,,,,,,,0,30.40239947,-91.17820918
0,0,408,21.77,9/9/2020 1:13,,,,,,,,,,,,,,,,,,,,,,0,30.40239888,-91.17820825
0,0,409,21.77,9/9/2020 1:13,,,,,,,,,,,,,,,,,,,,,,0,30.40239855,-91.17820691
0,0,410,21.77,9/9/2020 1:13,,,,,,,,,,,,,,,,,,,,,,0,30.40239838,-91.17820633
0,0,411,21.77,9/9/2020 1:13,,,,,,,,,,,,,,,,,,,,,,0,30.40239779,-91.17820549
0,0,412,21.77,9/9/2020 1:13,,,,,,,,,,,,,,,,,,,,,,0,30.40239754,-91.17820406
0,0,413,21.77,9/9/2020 1:13,,,,,,,,,,,,,,,,,,,,,,0,30.40239721,-91.1782023
0,0,414,21.77,9/9/2020 1:13,,,,,,,,,,,,,,,,,,,,,,0,30.40239679,-91.17820088
0,0,415,21.77,9/9/2020 1:13,,,,,,,,,,,,,,,,,,,,,,0,30.40239662,-91.17819962
0,0,416,21.77,9/9/2020 1:13,,,,,,,,,,,,,,,,,,,,,,0,30.40239637,-91.17819828
0,0,417,22.25,9/9/2020 1:13,,,,,,,,,,,,,,,,,,,,,,0,30.40239645,-91.17819711
0,0,418,22.25,9/9/2020 1:13,,,,,,,,,,,,,,,,,,,,,,0,30.40239628,-91.17819644
0,0,419,22.25,9/9/2020 1:13,,,,,,,,,,,,,,,,,,,,,,0,30.40239628,-91.1781961
0,0,420,22.25,9/9/2020 1:13,,,,,,,,,,,,,,,,,,,,,,0,30.40239603,-91.17819577
0,0,421,22.25,9/9/2020 1:13,,,,,,,,,,,,,,,,,,,,,,0,30.40239553,-91.1781956
0,0,422,22.25,9/9/2020 1:13,,,,,,,,,,,,,,,,,,,,,,0,30.40239545,-91.17819535
0,0,423,22.25,9/9/2020 1:13,,,,,,,,,,,,,,,,,,,,,,0,30.40239545,-91.17819501
0,0,424,22.25,9/9/2020 1:13,,,,,,,,,,,,,,,,,,,,,,0,30.40239511,-91.17819484
0,0,425,22.73,9/9/2020 1:13,,,,,,,,,,,,,,,,,,,,,,0,30.40239511,-91.17819451
0,0,426,22.73,9/9/2020 1:13,,,,,,,,,,,,,,,,,,,,,,0,30.40239511,-91.17819442
0,0,427,22.73,9/9/2020 1:13,,,,,,,,,,,,,,,,,,,,,,0,30.40239519,-91.17819434
0,0,428,22.73,9/9/2020 1:13,,,,,,,,,,,,,,,,,,,,,,0,30.40239545,-91.17819434
0,0,429,22.73,9/9/2020 1:14,,,,,,,,,,,,,,,,,,,,,,0,30.40239561,-91.17819476
0,0,430,22.73,9/9/2020 1:14,,,,,,,,,,,,,,,,,,,,,,0,30.40239561,-91.17819543
0,0,431,22.73,9/9/2020 1:14,,,,,,,,,,,,,,,,,,,,,,0,30.4023957,-91.1781961
0,0,432,22.73,9/9/2020 1:14,,,,,,,,,,,,,,,,,,,,,,0,30.40239595,-91.17819702
0,0,433,22.73,9/9/2020 1:14,,,,,,,,,,,,,,,,,,,,,,0,30.40239603,-91.17819786
0,0,434,22.73,9/9/2020 1:14,,,,,,,,,,,,,,,,,,,,,,0,30.40239637,-91.17819845
0,0,435,22.73,9/9/2020 1:14,,,,,,,,,,,,,,,,,,,,,,0,30.40239687,-91.17819945
0,0,436,23.21,9/9/2020 1:14,,,,,,,,,,,,,,,,,,,,,,0,30.40239729,-91.17820021
0,0,437,23.21,9/9/2020 1:14,,,,,,,,,,,,,,,,,,,,,,0,30.40239771,-91.17820088
0,0,438,23.21,9/9/2020 1:14,,,,,,,,,,,,,,,,,,,,,,0,30.40239796,-91.17820138
0,0,439,23.21,9/9/2020 1:14,,,,,,,,,,,,,,,,,,,,,,0,30.40239838,-91.1782013
0,0,440,23.21,9/9/2020 1:14,,,,,,,,,,,,,,,,,,,,,,0,30.40239863,-91.17820172
0,0,441,23.21,9/9/2020 1:14,,,,,,,,,,,,,,,,,,,,,,0,30.40239913,-91.17820155
0,0,442,23.21,9/9/2020 1:14,,,,,,,,,,,,,,,,,,,,,,0,30.40239955,-91.17820172
0,0,443,23.21,9/9/2020 1:14,,,,,,,,,,,,,,,,,,,,,,0,30.4023998,-91.17820163
0,0,444,23.21,9/9/2020 1:14,,,,,,,,,,,,,,,,,,,,,,0,30.40239997,-91.17820188
0,0,445,23.21,9/9/2020 1:14,,,,,,,,,,,,,,,,,,,,,,0,30.40240031,-91.17820155
0,0,446,23.21,9/9/2020 1:14,,,,,,,,,,,,,,,,,,,,,,0,30.40240014,-91.1782013
0,0,447,23.21,9/9/2020 1:14,,,,,,,,,,,,,,,,,,,,,,0,30.40240006,-91.17820063
0,0,448,23.21,9/9/2020 1:14,,,,,,,,,,,,,,,,,,,,,,0,30.40239947,-91.17820046
0,0,449,23.21,9/9/2020 1:14,,,,,,,,,,,,,,,,,,,,,,0,30.4023993,-91.17819979
0,0,450,23.21,9/9/2020 1:14,,,,,,,,,,,,,,,,,,,,,,0,30.40239863,-91.17820004
0,0,451,23.21,9/9/2020 1:14,,,,,,,,,,,,,,,,,,,,,,0,30.40239838,-91.17819987
0,0,452,23.21,9/9/2020 1:14,,,,,,,,,,,,,,,,,,,,,,0,30.40239804,-91.17820012
0,0,453,23.21,9/9/2020 1:14,,,,,,,,,,,,,,,,,,,,,,0,30.40239788,-91.17820038
0,0,454,23.21,9/9/2020 1:14,,,,,,,,,,,,,,,,,,,,,,0,30.40239813,-91.17820021
0,0,455,23.21,9/9/2020 1:14,,,,,,,,,,,,,,,,,,,,,,0,30.40239821,-91.17820054
0,0,456,23.21,9/9/2020 1:14,,,,,,,,,,,,,,,,,,,,,,0,30.4023988,-91.17820071
0,0,457,23.69,9/9/2020 1:14,,,,,,,,,,,,,,,,,,,,,,0,30.4023993,-91.17820096
0,0,458,23.69,9/9/2020 1:14,,,,,,,,,,,,,,,,,,,,,,0,30.4023998,-91.17820105
0,0,459,23.69,9/9/2020 1:14,,,,,,,,,,,,,,,,,,,,,,0,30.40240056,-91.17820113
0,0,460,23.69,9/9/2020 1:14,,,,,,,,,,,,,,,,,,,,,,0,30.40240115,-91.17820138
0,0,461,23.69,9/9/2020 1:14,,,,,,,,,,,,,,,,,,,,,,0,30.40240207,-91.1782018
0,0,462,23.69,9/9/2020 1:14,,,,,,,,,,,,,,,,,,,,,,0,30.40240299,-91.17820264
0,0,463,23.69,9/9/2020 1:14,,,,,,,,,,,,,,,,,,,,,,0,30.40240383,-91.17820331
0,0,464,23.69,9/9/2020 1:14,,,,,,,,,,,,,,,,,,,,,,0,30.40240467,-91.17820398
0,0,465,23.69,9/9/2020 1:14,,,,,,,,,,,,,,,,,,,,,,0,30.40240534,-91.17820465
0,0,466,23.69,9/9/2020 1:14,,,,,,,,,,,,,,,,,,,,,,0,30.40240601,-91.17820482
0,0,467,24.17,9/9/2020 1:14,,,,,,,,,,,,,,,,,,,,,,0,30.40240651,-91.17820574
0,0,468,24.17,9/9/2020 1:14,,,,,,,,,,,,,,,,,,,,,,0,30.40240693,-91.17820633
0,0,469,24.17,9/9/2020 1:14,,,,,,,,,,,,,,,,,,,,,,0,30.4024071,-91.17820708
0,0,470,24.17,9/9/2020 1:14,,,,,,,,,,,,,,,,,,,,,,0,30.40240743,-91.17820733
0,0,471,24.17,9/9/2020 1:14,,,,,,,,,,,,,,,,,,,,,,0,30.40240802,-91.17820775
0,0,472,24.17,9/9/2020 1:14,,,,,,,,,,,,,,,,,,,,,,0,30.40240819,-91.17820842
0,0,473,24.17,9/9/2020 1:14,,,,,,,,,,,,,,,,,,,,,,0,30.40240844,-91.17820892
0,0,474,24.17,9/9/2020 1:14,,,,,,,,,,,,,,,,,,,,,,0,30.40240894,-91.17820892
0,0,475,24.17,9/9/2020 1:14,,,,,,,,,,,,,,,,,,,,,,0,30.40240928,-91.17820918
0,0,476,24.17,9/9/2020 1:14,,,,,,,,,,,,,,,,,,,,,,0,30.40240944,-91.17820993
0,0,477,24.17,9/9/2020 1:14,,,,,,,,,,,,,,,,,,,,,,0,30.40240995,-91.17821027
0,0,478,24.17,9/9/2020 1:14,,,,,,,,,,,,,,,,,,,,,,0,30.40241011,-91.17821085
0,0,479,24.17,9/9/2020 1:14,,,,,,,,,,,,,,,,,,,,,,0,30.40241028,-91.17821177
0,0,480,24.17,9/9/2020 1:14,,,,,,,,,,,,,,,,,,,,,,0,30.40241087,-91.17821228
0,0,481,24.17,9/9/2020 1:14,,,,,,,,,,,,,,,,,,,,,,0,30.40241154,-91.17821253
0,0,482,24.17,9/9/2020 1:14,,,,,,,,,,,,,,,,,,,,,,0,30.40241162,-91.17821337
0,0,483,24.17,9/9/2020 1:14,,,,,,,,,,,,,,,,,,,,,,0,30.40241179,-91.17821429
0,0,484,24.17,9/9/2020 1:14,,,,,,,,,,,,,,,,,,,,,,0,30.40241187,-91.17821504
0,0,485,24.17,9/9/2020 1:14,,,,,,,,,,,,,,,,,,,,,,0,30.40241179,-91.1782158
0,0,486,24.17,9/9/2020 1:14,,,,,,,,,,,,,,,,,,,,,,0,30.40241146,-91.17821722
0,0,487,24.17,9/9/2020 1:14,,,,,,,,,,,,,,,,,,,,,,0,30.40241146,-91.17821739
0,0,488,24.17,9/9/2020 1:14,,,,,,,,,,,,,,,,,,,,,,0,30.40241154,-91.17821756
0,0,489,24.17,9/9/2020 1:15,,,,,,,,,,,,,,,,,,,,,,0,30.40241112,-91.17821798
0,0,490,24.65,9/9/2020 1:15,,,,,,,,,,,,,,,,,,,,,,0,30.40241095,-91.17821856
0,0,491,24.65,9/9/2020 1:15,,,,,,,,,,,,,,,,,,,,,,0,30.40241095,-91.1782189
0,0,492,24.65,9/9/2020 1:15,,,,,,,,,,,,,,,,,,,,,,0,30.40241062,-91.17821932
0,0,493,24.65,9/9/2020 1:15,,,,,,,,,,,,,,,,,,,,,,0,30.40241062,-91.17822007
0,0,494,24.65,9/9/2020 1:15,,,,,,,,,,,,,,,,,,,,,,0,30.40241028,-91.17822099
0,0,495,24.65,9/9/2020 1:15,,,,,,,,,,,,,,,,,,,,,,0,30.40241011,-91.17822167
0,0,496,24.65,9/9/2020 1:15,,,,,,,,,,,,,,,,,,,,,,0,30.40240978,-91.178222
0,0,497,24.65,9/9/2020 1:15,,,,,,,,,,,,,,,,,,,,,,0,30.40240928,-91.17822234
0,0,498,24.65,9/9/2020 1:15,,,,,,,,,,,,,,,,,,,,,,0,30.40240869,-91.17822225
0,0,499,24.65,9/9/2020 1:15,,,,,,,,,,,,,,,,,,,,,,0,30.40240785,-91.17822259
0,0,500,24.65,9/9/2020 1:15,,,,,,,,,,,,,,,,,,,,,,0,30.40240701,-91.17822301
0,0,501,24.65,9/9/2020 1:15,,,,,,,,,,,,,,,,,,,,,,0,30.40240626,-91.17822334
0,0,502,24.65,9/9/2020 1:15,,,,,,,,,,,,,,,,,,,,,,0,30.40240559,-91.17822351
0,0,503,24.65,9/9/2020 1:15,,,,,,,,,,,,,,,,,,,,,,0,30.402405,-91.17822359
0,0,504,24.65,9/9/2020 1:15,,,,,,,,,,,,,,,,,,,,,,0,30.40240458,-91.17822334
0,0,505,24.65,9/9/2020 1:15,,,,,,,,,,,,,,,,,,,,,,0,30.40240416,-91.17822317
0,0,506,24.65,9/9/2020 1:15,,,,,,,,,,,,,,,,,,,,,,0,30.40240408,-91.17822225
0,0,507,24.65,9/9/2020 1:15,,,,,,,,,,,,,,,,,,,,,,0,30.40240391,-91.17822183
0,0,508,24.65,9/9/2020 1:15,,,,,,,,,,,,,,,,,,,,,,0,30.40240358,-91.1782215
0,0,509,24.65,9/9/2020 1:15,,,,,,,,,,,,,,,,,,,,,,0,30.40240324,-91.17822158
0,0,510,24.65,9/9/2020 1:15,,,,,,,,,,,,,,,,,,,,,,0,30.40240307,-91.17822192
0,0,511,24.65,9/9/2020 1:15,,,,,,,,,,,,,,,,,,,,,,0,30.40240282,-91.178222
0,0,512,24.65,9/9/2020 1:15,,,,,,,,,,,,,,,,,,,,,,0,30.40240257,-91.17822217
0,0,513,24.65,9/9/2020 1:15,,,,,,,,,,,,,,,,,,,,,,0,30.40240224,-91.17822259
0,0,514,24.65,9/9/2020 1:15,,,,,,,,,,,,,,,,,,,,,,0,30.40240207,-91.17822292
0,0,515,25.13,9/9/2020 1:15,,,,,,,,,,,,,,,,,,,,,,0,30.40240182,-91.17822309
0,0,516,25.13,9/9/2020 1:15,,,,,,,,,,,,,,,,,,,,,,0,30.40240148,-91.17822309
0,0,517,25.13,9/9/2020 1:15,,,,,,,,,,,,,,,,,,,,,,0,30.40240106,-91.17822309
0,0,518,25.13,9/9/2020 1:15,,,,,,,,,,,,,,,,,,,,,,0,30.40240073,-91.17822275
0,0,519,24.65,9/9/2020 1:15,,,,,,,,,,,,,,,,,,,,,,0,30.40240031,-91.17822267
0,0,520,24.65,9/9/2020 1:15,,,,,,,,,,,,,,,,,,,,,,0,30.40240006,-91.17822225
0,0,521,24.65,9/9/2020 1:15,,,,,,,,,,,,,,,,,,,,,,0,30.40239964,-91.17822158
0,0,522,24.65,9/9/2020 1:15,,,,,,,,,,,,,,,,,,,,,,0,30.4023993,-91.17822141
0,0,523,24.65,9/9/2020 1:15,,,,,,,,,,,,,,,,,,,,,,0,30.40239897,-91.17822091
0,0,524,24.65,9/9/2020 1:15,,,,,,,,,,,,,,,,,,,,,,0,30.40239888,-91.17822041
0,0,525,24.65,9/9/2020 1:15,,,,,,,,,,,,,,,,,,,,,,0,30.40239863,-91.17822016
0,0,526,24.65,9/9/2020 1:15,,,,,,,,,,,,,,,,,,,,,,0,30.40239838,-91.17821982
0,0,527,24.65,9/9/2020 1:15,,,,,,,,,,,,,,,,,,,,,,0,30.40239821,-91.17821965
0,0,528,24.65,9/9/2020 1:15,,,,,,,,,,,,,,,,,,,,,,0,30.40239788,-91.17822024
0,0,529,24.65,9/9/2020 1:15,,,,,,,,,,,,,,,,,,,,,,0,30.40239763,-91.17822066
0,0,530,24.65,9/9/2020 1:15,,,,,,,,,,,,,,,,,,,,,,0,30.40239737,-91.17822167
0,0,531,24.65,9/9/2020 1:15,,,,,,,,,,,,,,,,,,,,,,0,30.40239729,-91.17822208
0,0,532,24.65,9/9/2020 1:15,,,,,,,,,,,,,,,,,,,,,,0,30.40239746,-91.17822217
0,0,533,24.17,9/9/2020 1:15,,,,,,,,,,,,,,,,,,,,,,0,30.40239763,-91.17822234
0,0,534,24.17,9/9/2020 1:15,,,,,,,,,,,,,,,,,,,,,,0,30.40239788,-91.17822259
0,0,535,24.17,9/9/2020 1:15,,,,,,,,,,,,,,,,,,,,,,0,30.40239813,-91.17822292
0,0,536,24.17,9/9/2020 1:15,,,,,,,,,,,,,,,,,,,,,,0,30.40239871,-91.17822317
0,0,537,24.17,9/9/2020 1:15,,,,,,,,,,,,,,,,,,,,,,0,30.40239939,-91.17822301
0,0,538,24.17,9/9/2020 1:15,,,,,,,,,,,,,,,,,,,,,,0,30.4023998,-91.17822301
0,0,539,23.69,9/9/2020 1:15,,,,,,,,,,,,,,,,,,,,,,0,30.40240106,-91.17822309
0,0,540,23.69,9/9/2020 1:15,,,,,,,,,,,,,,,,,,,,,,0,30.40240156,-91.17822368
0,0,541,23.69,9/9/2020 1:15,,,,,,,,,,,,,,,,,,,,,,0,30.40240182,-91.17822435
0,0,542,23.69,9/9/2020 1:15,,,,,,,,,,,,,,,,,,,,,,0,30.4024019,-91.17822493
0,0,543,23.69,9/9/2020 1:15,,,,,,,,,,,,,,,,,,,,,,0,30.40240215,-91.17822519
0,0,544,23.69,9/9/2020 1:15,,,,,,,,,,,,,,,,,,,,,,0,30.4024019,-91.17822569
0,0,545,23.69,9/9/2020 1:15,,,,,,,,,,,,,,,,,,,,,,0,30.40240156,-91.17822602
0,0,546,23.69,9/9/2020 1:15,,,,,,,,,,,,,,,,,,,,,,0,30.40240106,-91.17822678
0,0,547,23.69,9/9/2020 1:15,,,,,,,,,,,,,,,,,,,,,,0,30.40240064,-91.17822778
0,0,548,23.21,9/9/2020 1:15,,,,,,,,,,,,,,,,,,,,,,0,30.40240006,-91.17822887
0,0,549,23.21,9/9/2020 1:16,,,,,,,,,,,,,,,,,,,,,,0,30.40239989,-91.17822954
0,0,550,23.21,9/9/2020 1:16,,,,,,,,,,,,,,,,,,,,,,0,30.40239955,-91.17823063
0,0,551,23.21,9/9/2020 1:16,,,,,,,,,,,,,,,,,,,,,,0,30.40239939,-91.17823122
0,0,552,23.21,9/9/2020 1:16,,,,,,,,,,,,,,,,,,,,,,0,30.40239922,-91.17823089
0,0,553,23.21,9/9/2020 1:16,,,,,,,,,,,,,,,,,,,,,,0,30.40239905,-91.17823063
0,0,554,23.21,9/9/2020 1:16,,,,,,,,,,,,,,,,,,,,,,0,30.40239905,-91.17823021
0,0,555,23.21,9/9/2020 1:16,,,,,,,,,,,,,,,,,,,,,,0,30.40239913,-91.17822946
0,0,556,23.21,9/9/2020 1:16,,,,,,,,,,,,,,,,,,,,,,0,30.40239913,-91.17822887
0,0,557,23.21,9/9/2020 1:16,,,,,,,,,,,,,,,,,,,,,,0,30.40239922,-91.17822837
0,0,558,23.21,9/9/2020 1:16,,,,,,,,,,,,,,,,,,,,,,0,30.40239897,-91.17822829
0,0,559,23.21,9/9/2020 1:16,,,,,,,,,,,,,,,,,,,,,,0,30.40239846,-91.17822904
0,0,560,23.21,9/9/2020 1:16,,,,,,,,,,,,,,,,,,,,,,0,30.40239838,-91.17822879
0,0,561,23.21,9/9/2020 1:16,,,,,,,,,,,,,,,,,,,,,,0,30.40239804,-91.17822879
0,0,562,22.73,9/9/2020 1:16,,,,,,,,,,,,,,,,,,,,,,0,30.40239754,-91.17822904
0,0,563,22.73,9/9/2020 1:16,,,,,,,,,,,,,,,,,,,,,,0,30.40239721,-91.17822904
0,0,564,22.73,9/9/2020 1:16,,,,,,,,,,,,,,,,,,,,,,0,30.40239679,-91.17822896
0,0,565,22.73,9/9/2020 1:16,,,,,,,,,,,,,,,,,,,,,,0,30.40239654,-91.17822879
0,0,566,22.73,9/9/2020 1:16,,,,,,,,,,,,,,,,,,,,,,0,30.40239628,-91.17822887
0,0,567,22.73,9/9/2020 1:16,,,,,,,,,,,,,,,,,,,,,,0,30.40239595,-91.17822845
0,0,568,22.25,9/9/2020 1:16,,,,,,,,,,,,,,,,,,,,,,0,30.40239528,-91.17822787
0,0,569,22.25,9/9/2020 1:16,,,,,,,,,,,,,,,,,,,,,,0,30.40239461,-91.17822736
0,0,570,22.25,9/9/2020 1:16,,,,,,,,,,,,,,,,,,,,,,0,30.40239394,-91.17822661
0,0,571,22.25,9/9/2020 1:16,,,,,,,,,,,,,,,,,,,,,,0,30.40239335,-91.17822653
0,0,572,21.77,9/9/2020 1:16,,,,,,,,,,,,,,,,,,,,,,0,30.40239268,-91.17822611
0,0,573,21.77,9/9/2020 1:16,,,,,,,,,,,,,,,,,,,,,,0,30.40239209,-91.17822594
0,0,574,21.77,9/9/2020 1:16,,,,,,,,,,,,,,,,,,,,,,0,30.40239167,-91.17822535
0,0,575,21.77,9/9/2020 1:16,,,,,,,,,,,,,,,,,,,,,,0,30.40239151,-91.17822502
0,0,576,21.77,9/9/2020 1:16,,,,,,,,,,,,,,,,,,,,,,0,30.40239125,-91.1782251
0,0,577,21.77,9/9/2020 1:16,,,,,,,,,,,,,,,,,,,,,,0,30.40239117,-91.17822468
0,0,578,21.29,9/9/2020 1:16,,,,,,,,,,,,,,,,,,,,,,0,30.402391,-91.1782246
0,0,579,21.29,9/9/2020 1:16,,,,,,,,,,,,,,,,,,,,,,0,30.40239109,-91.17822468
0,0,580,21.29,9/9/2020 1:16,,,,,,,,,,,,,,,,,,,,,,0,30.40239117,-91.17822477
0,0,581,21.29,9/9/2020 1:16,,,,,,,,,,,,,,,,,,,,,,0,30.402391,-91.17822527
0,0,582,21.29,9/9/2020 1:16,,,,,,,,,,,,,,,,,,,,,,0,30.402391,-91.17822552
0,0,583,21.29,9/9/2020 1:16,,,,,,,,,,,,,,,,,,,,,,0,30.40239092,-91.17822577
0,0,584,21.29,9/9/2020 1:16,,,,,,,,,,,,,,,,,,,,,,0,30.40239084,-91.17822586
0,0,585,20.81,9/9/2020 1:16,,,,,,,,,,,,,,,,,,,,,,0,30.40239075,-91.17822611
0,0,586,20.81,9/9/2020 1:16,,,,,,,,,,,,,,,,,,,,,,0,30.40239075,-91.17822644
0,0,587,20.81,9/9/2020 1:16,,,,,,,,,,,,,,,,,,,,,,0,30.40239075,-91.17822644
0,0,588,20.81,9/9/2020 1:16,,,,,,,,,,,,,,,,,,,,,,0,30.40239084,-91.17822653
0,0,589,20.81,9/9/2020 1:16,,,,,,,,,,,,,,,,,,,,,,0,30.402391,-91.17822636
0,0,590,20.32,9/9/2020 1:16,,,,,,,,,,,,,,,,,,,,,,0,30.40239109,-91.17822594
0,0,591,20.32,9/9/2020 1:16,,,,,,,,,,,,,,,,,,,,,,0,30.40239125,-91.17822552
0,0,592,20.32,9/9/2020 1:16,,,,,,,,,,,,,,,,,,,,,,0,30.40239151,-91.17822493
0,0,593,20.32,9/9/2020 1:16,,,,,,,,,,,,,,,,,,,,,,0,30.40239184,-91.17822468
0,0,594,20.32,9/9/2020 1:16,,,,,,,,,,,,,,,,,,,,,,0,30.40239209,-91.17822401
0,0,595,19.84,9/9/2020 1:16,,,,,,,,,,,,,,,,,,,,,,0,30.40239226,-91.17822359
0,0,596,19.84,9/9/2020 1:16,,,,,,,,,,,,,,,,,,,,,,0,30.40239218,-91.17822284
0,0,597,19.84,9/9/2020 1:16,,,,,,,,,,,,,,,,,,,,,,0,30.40239226,-91.17822242
0,0,598,19.84,9/9/2020 1:16,,,,,,,,,,,,,,,,,,,,,,0,30.40239226,-91.17822192
0,0,599,19.84,9/9/2020 1:16,,,,,,,,,,,,,,,,,,,,,,0,30.40239209,-91.17822141
0,0,600,19.84,9/9/2020 1:16,,,,,,,,,,,,,,,,,,,,,,0,30.40239184,-91.17822099
0,0,601,19.84,9/9/2020 1:16,,,,,,,,,,,,,,,,,,,,,,0,30.40239142,-91.17822091
0,0,602,19.84,9/9/2020 1:16,,,,,,,,,,,,,,,,,,,,,,0,30.40239134,-91.17822041
0,0,603,19.84,9/9/2020 1:16,,,,,,,,,,,,,,,,,,,,,,0,30.402391,-91.17822032
0,0,604,19.84,9/9/2020 1:16,,,,,,,,,,,,,,,,,,,,,,0,30.40239092,-91.17822016
0,0,605,19.84,9/9/2020 1:16,,,,,,,,,,,,,,,,,,,,,,0,30.40239067,-91.17822016
0,0,606,19.84,9/9/2020 1:16,,,,,,,,,,,,,,,,,,,,,,0,30.40239058,-91.17822007
0,0,607,19.84,9/9/2020 1:16,,,,,,,,,,,,,,,,,,,,,,0,30.4023905,-91.17822007
0,0,608,19.84,9/9/2020 1:16,,,,,,,,,,,,,,,,,,,,,,0,30.4023905,-91.17821991
0,0,609,19.84,9/9/2020 1:17,,,,,,,,,,,,,,,,,,,,,,0,30.40239042,-91.17821965
0,0,610,19.84,9/9/2020 1:17,,,,,,,,,,,,,,,,,,,,,,0,30.40239042,-91.17821923
0,0,611,19.84,9/9/2020 1:17,,,,,,,,,,,,,,,,,,,,,,0,30.4023905,-91.17821856
0,0,612,19.84,9/9/2020 1:17,,,,,,,,,,,,,,,,,,,,,,0,30.40239033,-91.17821823
0,0,613,19.84,9/9/2020 1:17,,,,,,,,,,,,,,,,,,,,,,0,30.40239042,-91.17821773
0,0,614,19.84,9/9/2020 1:17,,,,,,,,,,,,,,,,,,,,,,0,30.40239067,-91.17821747
0,0,615,19.84,9/9/2020 1:17,,,,,,,,,,,,,,,,,,,,,,0,30.40239058,-91.17821747
0,0,616,19.84,9/9/2020 1:17,,,,,,,,,,,,,,,,,,,,,,0,30.4023905,-91.17821714
0,0,617,19.84,9/9/2020 1:17,,,,,,,,,,,,,,,,,,,,,,0,30.40239042,-91.17821697
0,0,618,19.84,9/9/2020 1:17,,,,,,,,,,,,,,,,,,,,,,0,30.40239058,-91.17821689
0,0,619,19.84,9/9/2020 1:17,,,,,,,,,,,,,,,,,,,,,,0,30.40239084,-91.17821655
0,0,620,19.84,9/9/2020 1:17,,,,,,,,,,,,,,,,,,,,,,0,30.40239092,-91.17821664
0,0,621,19.84,9/9/2020 1:17,,,,,,,,,,,,,,,,,,,,,,0,30.40239092,-91.17821647
0,0,622,19.84,9/9/2020 1:17,,,,,,,,,,,,,,,,,,,,,,0,30.40239092,-91.1782163
0,0,623,19.84,9/9/2020 1:17,,,,,,,,,,,,,,,,,,,,,,0,30.40239067,-91.17821622
0,0,624,19.84,9/9/2020 1:17,,,,,,,,,,,,,,,,,,,,,,0,30.40239033,-91.1782163
0,0,625,19.84,9/9/2020 1:17,,,,,,,,,,,,,,,,,,,,,,0,30.40239008,-91.17821638
0,0,626,19.84,9/9/2020 1:17,,,,,,,,,,,,,,,,,,,,,,0,30.40238966,-91.1782168
0,0,627,19.84,9/9/2020 1:17,,,,,,,,,,,,,,,,,,,,,,0,30.40238924,-91.1782168
0,0,628,19.36,9/9/2020 1:17,,,,,,,,,,,,,,,,,,,,,,0,30.40238891,-91.17821689
0,0,629,19.36,9/9/2020 1:17,,,,,,,,,,,,,,,,,,,,,,0,30.40238866,-91.17821655
0,0,630,19.36,9/9/2020 1:17,,,,,,,,,,,,,,,,,,,,,,0,30.40238841,-91.17821647
0,0,631,19.36,9/9/2020 1:17,,,,,,,,,,,,,,,,,,,,,,0,30.40238815,-91.17821672
0,0,632,19.36,9/9/2020 1:17,,,,,,,,,,,,,,,,,,,,,,0,30.40238773,-91.17821638
0,0,633,19.36,9/9/2020 1:17,,,,,,,,,,,,,,,,,,,,,,0,30.40238757,-91.17821613
0,0,634,19.36,9/9/2020 1:17,,,,,,,,,,,,,,,,,,,,,,0,30.40238732,-91.17821638
0,0,635,19.36,9/9/2020 1:17,,,,,,,,,,,,,,,,,,,,,,0,30.40238715,-91.17821605
0,0,636,19.36,9/9/2020 1:17,,,,,,,,,,,,,,,,,,,,,,0,30.40238706,-91.17821538
0,0,637,19.36,9/9/2020 1:17,,,,,,,,,,,,,,,,,,,,,,0,30.40238723,-91.17821479
0,0,638,19.36,9/9/2020 1:17,,,,,,,,,,,,,,,,,,,,,,0,30.40238723,-91.17821404
0,0,639,18.88,9/9/2020 1:17,,,,,,,,,,,,,,,,,,,,,,0,30.40238723,-91.17821362
0,0,640,18.88,9/9/2020 1:17,,,,,,,,,,,,,,,,,,,,,,0,30.40238715,-91.1782132
0,0,641,18.88,9/9/2020 1:17,,,,,,,,,,,,,,,,,,,,,,0,30.4023869,-91.17821278
0,0,642,18.88,9/9/2020 1:17,,,,,,,,,,,,,,,,,,,,,,0,30.4023869,-91.17821245
0,0,643,18.88,9/9/2020 1:17,,,,,,,,,,,,,,,,,,,,,,0,30.40238673,-91.17821186
0,0,644,18.88,9/9/2020 1:17,,,,,,,,,,,,,,,,,,,,,,0,30.40238656,-91.17821127
0,0,645,18.88,9/9/2020 1:17,,,,,,,,,,,,,,,,,,,,,,0,30.40238681,-91.17821068
0,0,646,18.88,9/9/2020 1:17,,,,,,,,,,,,,,,,,,,,,,0,30.40238681,-91.17821035
0,0,647,18.88,9/9/2020 1:17,,,,,,,,,,,,,,,,,,,,,,0,30.40238681,-91.1782101
0,0,648,18.88,9/9/2020 1:17,,,,,,,,,,,,,,,,,,,,,,0,30.4023869,-91.17820968
0,0,649,18.4,9/9/2020 1:17,,,,,,,,,,,,,,,,,,,,,,0,30.40238698,-91.17820926
0,0,650,18.4,9/9/2020 1:17,,,,,,,,,,,,,,,,,,,,,,0,30.40238698,-91.17820859
0,0,651,18.4,9/9/2020 1:17,,,,,,,,,,,,,,,,,,,,,,0,30.4023869,-91.17820792
0,0,652,18.4,9/9/2020 1:17,,,,,,,,,,,,,,,,,,,,,,0,30.40238698,-91.1782075
0,0,653,18.4,9/9/2020 1:17,,,,,,,,,,,,,,,,,,,,,,0,30.40238748,-91.17820549
0,0,654,18.4,9/9/2020 1:17,,,,,,,,,,,,,,,,,,,,,,0,30.40238757,-91.17820465
0,0,655,18.4,9/9/2020 1:17,,,,,,,,,,,,,,,,,,,,,,0,30.40238765,-91.17820356
0,0,656,18.4,9/9/2020 1:17,,,,,,,,,,,,,,,,,,,,,,0,30.40238807,-91.17820239
0,0,657,18.4,9/9/2020 1:17,,,,,,,,,,,,,,,,,,,,,,0,30.40238832,-91.17820146
0,0,658,18.4,9/9/2020 1:17,,,,,,,,,,,,,,,,,,,,,,0,30.40238857,-91.17820088
0,0,659,18.4,9/9/2020 1:17,,,,,,,,,,,,,,,,,,,,,,0,30.40238866,-91.17820071
0,0,660,18.88,9/9/2020 1:17,,,,,,,,,,,,,,,,,,,,,,0,30.40238899,-91.17820038
0,0,661,18.88,9/9/2020 1:17,,,,,,,,,,,,,,,,,,,,,,0,30.40238908,-91.17820004
0,0,662,18.88,9/9/2020 1:17,,,,,,,,,,,,,,,,,,,,,,0,30.40238924,-91.17819996
0,0,663,18.88,9/9/2020 1:17,,,,,,,,,,,,,,,,,,,,,,0,30.40238908,-91.17819996
0,0,664,18.88,9/9/2020 1:17,,,,,,,,,,,,,,,,,,,,,,0,30.40238874,-91.17820004
0,0,665,18.88,9/9/2020 1:17,,,,,,,,,,,,,,,,,,,,,,0,30.40238857,-91.17820004
0,0,666,18.88,9/9/2020 1:17,,,,,,,,,,,,,,,,,,,,,,0,30.40238832,-91.17820004
0,0,667,18.88,9/9/2020 1:17,,,,,,,,,,,,,,,,,,,,,,0,30.40238807,-91.17819996
0,0,668,18.88,9/9/2020 1:17,,,,,,,,,,,,,,,,,,,,,,0,30.4023879,-91.17819987
0,0,669,18.88,9/9/2020 1:18,,,,,,,,,,,,,,,,,,,,,,0,30.40238748,-91.17819987
0,0,670,18.88,9/9/2020 1:18,,,,,,,,,,,,,,,,,,,,,,0,30.40238698,-91.17819945
0,0,671,18.88,9/9/2020 1:18,,,,,,,,,,,,,,,,,,,,,,0,30.40238648,-91.17819887
0,0,672,19.36,9/9/2020 1:18,,,,,,,,,,,,,,,,,,,,,,0,30.40238606,-91.17819828
0,0,673,19.36,9/9/2020 1:18,,,,,,,,,,,,,,,,,,,,,,0,30.40238556,-91.17819778
0,0,674,19.36,9/9/2020 1:18,,,,,,,,,,,,,,,,,,,,,,0,30.4023853,-91.17819711
0,0,675,19.36,9/9/2020 1:18,,,,,,,,,,,,,,,,,,,,,,0,30.4023853,-91.17819635
0,0,676,19.36,9/9/2020 1:18,,,,,,,,,,,,,,,,,,,,,,0,30.40238522,-91.17819593
0,0,677,19.36,9/9/2020 1:18,,,,,,,,,,,,,,,,,,,,,,0,30.40238505,-91.17819543
0,0,678,19.36,9/9/2020 1:18,,,,,,,,,,,,,,,,,,,,,,0,30.40238455,-91.17819426
0,0,679,19.36,9/9/2020 1:18,,,,,,,,,,,,,,,,,,,,,,0,30.40238413,-91.17819384
0,0,680,19.36,9/9/2020 1:18,,,,,,,,,,,,,,,,,,,,,,0,30.40238405,-91.17819342
0,0,681,19.36,9/9/2020 1:18,,,,,,,,,,,,,,,,,,,,,,0,30.40238379,-91.17819283
0,0,682,19.36,9/9/2020 1:18,,,,,,,,,,,,,,,,,,,,,,0,30.40238363,-91.1781925
0,0,683,19.36,9/9/2020 1:18,,,,,,,,,,,,,,,,,,,,,,0,30.40238321,-91.17819224
0,0,684,19.36,9/9/2020 1:18,,,,,,,,,,,,,,,,,,,,,,0,30.40238296,-91.17819199
0,0,685,19.36,9/9/2020 1:18,,,,,,,,,,,,,,,,,,,,,,0,30.40238254,-91.17819157
0,0,686,19.36,9/9/2020 1:18,,,,,,,,,,,,,,,,,,,,,,0,30.40238212,-91.17819141
0,0,687,19.36,9/9/2020 1:18,,,,,,,,,,,,,,,,,,,,,,0,30.4023817,-91.17819124
0,0,688,19.36,9/9/2020 1:18,,,,,,,,,,,,,,,,,,,,,,0,30.4023812,-91.17819107
0,0,689,19.36,9/9/2020 1:18,,,,,,,,,,,,,,,,,,,,,,0,30.40238103,-91.1781909
0,0,690,19.36,9/9/2020 1:18,,,,,,,,,,,,,,,,,,,,,,0,30.40238078,-91.17819057
0,0,691,19.36,9/9/2020 1:18,,,,,,,,,,,,,,,,,,,,,,0,30.40238078,-91.17819015
0,0,692,19.36,9/9/2020 1:18,,,,,,,,,,,,,,,,,,,,,,0,30.40238061,-91.17818998
0,0,693,19.36,9/9/2020 1:18,,,,,,,,,,,,,,,,,,,,,,0,30.40238019,-91.17818998
0,0,694,19.36,9/9/2020 1:18,,,,,,,,,,,,,,,,,,,,,,0,30.40237977,-91.17819007
0,0,695,19.36,9/9/2020 1:18,,,,,,,,,,,,,,,,,,,,,,0,30.40237935,-91.17819074
0,0,696,19.36,9/9/2020 1:18,,,,,,,,,,,,,,,,,,,,,,0,30.40237919,-91.1781909
0,0,697,19.36,9/9/2020 1:18,,,,,,,,,,,,,,,,,,,,,,0,30.40237877,-91.17819141
0,0,698,19.36,9/9/2020 1:18,,,,,,,,,,,,,,,,,,,,,,0,30.4023786,-91.17819174
0,0,699,19.36,9/9/2020 1:18,,,,,,,,,,,,,,,,,,,,,,0,30.4023786,-91.17819208
0,0,700,19.36,9/9/2020 1:18,,,,,,,,,,,,,,,,,,,,,,0,30.4023786,-91.17819233
0,0,701,19.36,9/9/2020 1:18,,,,,,,,,,,,,,,,,,,,,,0,30.40237868,-91.17819266
0,0,702,19.36,9/9/2020 1:18,,,,,,,,,,,,,,,,,,,,,,0,30.40237868,-91.178193
0,0,703,19.36,9/9/2020 1:18,,,,,,,,,,,,,,,,,,,,,,0,30.4023786,-91.17819308
0,0,704,19.36,9/9/2020 1:18,,,,,,,,,,,,,,,,,,,,,,0,30.40237843,-91.17819317
0,0,705,19.36,9/9/2020 1:18,,,,,,,,,,,,,,,,,,,,,,0,30.40237818,-91.17819333
0,0,706,19.36,9/9/2020 1:18,,,,,,,,,,,,,,,,,,,,,,0,30.40237835,-91.17819342
0,0,707,19.36,9/9/2020 1:18,,,,,,,,,,,,,,,,,,,,,,0,30.40237877,-91.17819317
0,0,708,19.36,9/9/2020 1:18,,,,,,,,,,,,,,,,,,,,,,0,30.40237919,-91.178193
0,0,709,19.36,9/9/2020 1:18,,,,,,,,,,,,,,,,,,,,,,0,30.4023796,-91.178193
0,0,710,19.36,9/9/2020 1:18,,,,,,,,,,,,,,,,,,,,,,0,30.40238019,-91.17819325
0,0,711,19.36,9/9/2020 1:18,,,,,,,,,,,,,,,,,,,,,,0,30.40238053,-91.17819342
0,0,712,19.36,9/9/2020 1:18,,,,,,,,,,,,,,,,,,,,,,0,30.40238203,-91.178194
0,0,713,19.36,9/9/2020 1:18,,,,,,,,,,,,,,,,,,,,,,0,30.40238254,-91.17819426
0,0,714,19.36,9/9/2020 1:18,,,,,,,,,,,,,,,,,,,,,,0,30.40238296,-91.17819468
0,0,715,19.36,9/9/2020 1:18,,,,,,,,,,,,,,,,,,,,,,0,30.40238312,-91.17819501
0,0,716,19.36,9/9/2020 1:18,,,,,,,,,,,,,,,,,,,,,,0,30.40238338,-91.17819568
0,0,717,19.36,9/9/2020 1:18,,,,,,,,,,,,,,,,,,,,,,0,30.40238346,-91.1781961
0,0,718,19.36,9/9/2020 1:18,,,,,,,,,,,,,,,,,,,,,,0,30.40238363,-91.17819644
0,0,719,19.36,9/9/2020 1:18,,,,,,,,,,,,,,,,,,,,,,0,30.40238354,-91.17819702
0,0,720,19.36,9/9/2020 1:18,,,,,,,,,,,,,,,,,,,,,,0,30.40238363,-91.17819769
0,0,721,19.36,9/9/2020 1:18,,,,,,,,,,,,,,,,,,,,,,0,30.40238371,-91.17819828
0,0,722,19.36,9/9/2020 1:18,,,,,,,,,,,,,,,,,,,,,,0,30.40238405,-91.17819853
0,0,723,19.36,9/9/2020 1:18,,,,,,,,,,,,,,,,,,,,,,0,30.40238405,-91.17819903
0,0,724,19.36,9/9/2020 1:18,,,,,,,,,,,,,,,,,,,,,,0,30.40238413,-91.17819954
0,0,725,19.36,9/9/2020 1:18,,,,,,,,,,,,,,,,,,,,,,0,30.40238455,-91.17819996
0,0,726,19.36,9/9/2020 1:18,,,,,,,,,,,,,,,,,,,,,,0,30.40238505,-91.17820012
0,0,727,19.36,9/9/2020 1:18,,,,,,,,,,,,,,,,,,,,,,0,30.4023853,-91.17820063
0,0,728,19.36,9/9/2020 1:18,,,,,,,,,,,,,,,,,,,,,,0,30.40238547,-91.17820113
0,0,729,19.36,9/9/2020 1:19,,,,,,,,,,,,,,,,,,,,,,0,30.40238597,-91.17820113
0,0,730,19.36,9/9/2020 1:19,,,,,,,,,,,,,,,,,,,,,,0,30.40238648,-91.17820113
0,0,731,18.88,9/9/2020 1:19,,,,,,,,,,,,,,,,,,,,,,0,30.40238664,-91.17820138
0,0,732,18.88,9/9/2020 1:19,,,,,,,,,,,,,,,,,,,,,,0,30.40238773,-91.17820163
0,0,733,18.88,9/9/2020 1:19,,,,,,,,,,,,,,,,,,,,,,0,30.40238824,-91.17820155
0,0,734,18.88,9/9/2020 1:19,,,,,,,,,,,,,,,,,,,,,,0,30.40238866,-91.17820172
0,0,735,18.88,9/9/2020 1:19,,,,,,,,,,,,,,,,,,,,,,0,30.40238908,-91.17820188
0,0,736,18.88,9/9/2020 1:19,,,,,,,,,,,,,,,,,,,,,,0,30.40238975,-91.17820188
0,0,737,18.88,9/9/2020 1:19,,,,,,,,,,,,,,,,,,,,,,0,30.40239033,-91.17820188
0,0,738,18.88,9/9/2020 1:19,,,,,,,,,,,,,,,,,,,,,,0,30.4023905,-91.17820247
0,0,739,19.36,9/9/2020 1:19,,,,,,,,,,,,,,,,,,,,,,0,30.40239084,-91.17820255
0,0,740,19.36,9/9/2020 1:19,,,,,,,,,,,,,,,,,,,,,,0,30.40239084,-91.17820264
0,0,741,19.36,9/9/2020 1:19,,,,,,,,,,,,,,,,,,,,,,0,30.40239084,-91.17820272
0,0,742,19.36,9/9/2020 1:19,,,,,,,,,,,,,,,,,,,,,,0,30.40239092,-91.17820264
0,0,743,19.36,9/9/2020 1:19,,,,,,,,,,,,,,,,,,,,,,0,30.40239075,-91.17820281
0,0,744,19.36,9/9/2020 1:19,,,,,,,,,,,,,,,,,,,,,,0,30.40239067,-91.17820306
0,0,745,19.36,9/9/2020 1:19,,,,,,,,,,,,,,,,,,,,,,0,30.40239058,-91.17820314
0,0,746,19.36,9/9/2020 1:19,,,,,,,,,,,,,,,,,,,,,,0,30.40239042,-91.17820331
0,0,747,19.36,9/9/2020 1:19,,,,,,,,,,,,,,,,,,,,,,0,30.40239017,-91.17820364
0,0,748,19.36,9/9/2020 1:19,,,,,,,,,,,,,,,,,,,,,,0,30.40239008,-91.17820339
0,0,749,19.36,9/9/2020 1:19,,,,,,,,,,,,,,,,,,,,,,0,30.40238949,-91.17820364
0,0,750,19.36,9/9/2020 1:19,,,,,,,,,,,,,,,,,,,,,,0,30.40238924,-91.17820364
0,0,751,19.36,9/9/2020 1:19,,,,,,,,,,,,,,,,,,,,,,0,30.40238874,-91.17820381
0,0,752,19.36,9/9/2020 1:19,,,,,,,,,,,,,,,,,,,,,,0,30.40238857,-91.1782039
0,0,753,19.36,9/9/2020 1:19,,,,,,,,,,,,,,,,,,,,,,0,30.40238857,-91.17820398
0,0,754,19.36,9/9/2020 1:19,,,,,,,,,,,,,,,,,,,,,,0,30.40238849,-91.17820465
0,0,755,19.36,9/9/2020 1:19,,,,,,,,,,,,,,,,,,,,,,0,30.40238874,-91.17820499
0,0,756,19.36,9/9/2020 1:19,,,,,,,,,,,,,,,,,,,,,,0,30.40238899,-91.17820499
0,0,757,19.36,9/9/2020 1:19,,,,,,,,,,,,,,,,,,,,,,0,30.40238916,-91.17820499
0,0,758,19.36,9/9/2020 1:19,,,,,,,,,,,,,,,,,,,,,,0,30.40238958,-91.17820482
0,0,759,19.36,9/9/2020 1:19,,,,,,,,,,,,,,,,,,,,,,0,30.40238966,-91.17820465
0,0,760,19.36,9/9/2020 1:19,,,,,,,,,,,,,,,,,,,,,,0,30.40239008,-91.17820398
0,0,761,19.36,9/9/2020 1:19,,,,,,,,,,,,,,,,,,,,,,0,30.40239025,-91.17820373
0,0,762,19.36,9/9/2020 1:19,,,,,,,,,,,,,,,,,,,,,,0,30.40239058,-91.17820323
0,0,763,19.36,9/9/2020 1:19,,,,,,,,,,,,,,,,,,,,,,0,30.40239075,-91.17820314
0,0,764,19.36,9/9/2020 1:19,,,,,,,,,,,,,,,,,,,,,,0,30.40239084,-91.17820297
0,0,765,19.36,9/9/2020 1:19,,,,,,,,,,,,,,,,,,,,,,0,30.40239125,-91.17820255
0,0,766,19.36,9/9/2020 1:19,,,,,,,,,,,,,,,,,,,,,,0,30.40239142,-91.17820247
0,0,767,19.36,9/9/2020 1:19,,,,,,,,,,,,,,,,,,,,,,0,30.40239167,-91.17820205
0,0,768,19.84,9/9/2020 1:19,,,,,,,,,,,,,,,,,,,,,,0,30.40239167,-91.17820188
0,0,769,19.84,9/9/2020 1:19,,,,,,,,,,,,,,,,,,,,,,0,30.40239201,-91.17820163
0,0,770,19.84,9/9/2020 1:19,,,,,,,,,,,,,,,,,,,,,,0,30.40239184,-91.1782018
0,0,771,19.84,9/9/2020 1:19,,,,,,,,,,,,,,,,,,,,,,0,30.40239193,-91.17820146
0,0,772,19.84,9/9/2020 1:19,,,,,,,,,,,,,,,,,,,,,,0,30.40239167,-91.1782018
0,0,773,19.84,9/9/2020 1:19,,,,,,,,,,,,,,,,,,,,,,0,30.40239159,-91.17820155
0,0,774,19.84,9/9/2020 1:19,,,,,,,,,,,,,,,,,,,,,,0,30.40239159,-91.1782013
0,0,775,19.84,9/9/2020 1:19,,,,,,,,,,,,,,,,,,,,,,0,30.40239184,-91.17820105
0,0,776,19.84,9/9/2020 1:19,,,,,,,,,,,,,,,,,,,,,,0,30.40239176,-91.17820113
0,0,777,19.84,9/9/2020 1:19,,,,,,,,,,,,,,,,,,,,,,0,30.40239201,-91.17820046
0,0,778,19.84,9/9/2020 1:19,,,,,,,,,,,,,,,,,,,,,,0,30.40239218,-91.17820038
0,0,779,19.84,9/9/2020 1:19,,,,,,,,,,,,,,,,,,,,,,0,30.40239226,-91.17819996
0,0,780,19.84,9/9/2020 1:19,,,,,,,,,,,,,,,,,,,,,,0,30.40239251,-91.17819954
0,0,781,19.84,9/9/2020 1:19,,,,,,,,,,,,,,,,,,,,,,0,30.40239268,-91.1781992
0,0,782,19.84,9/9/2020 1:19,,,,,,,,,,,,,,,,,,,,,,0,30.40239285,-91.17819903
0,0,783,19.84,9/9/2020 1:19,,,,,,,,,,,,,,,,,,,,,,0,30.40239285,-91.17819895
0,0,784,19.84,9/9/2020 1:19,,,,,,,,,,,,,,,,,,,,,,0,30.40239318,-91.1781987
0,0,785,19.84,9/9/2020 1:19,,,,,,,,,,,,,,,,,,,,,,0,30.40239335,-91.17819878
0,0,786,20.32,9/9/2020 1:19,,,,,,,,,,,,,,,,,,,,,,0,30.40239394,-91.17819903
0,0,787,20.32,9/9/2020 1:19,,,,,,,,,,,,,,,,,,,,,,0,30.40239427,-91.17819945
0,0,788,20.32,9/9/2020 1:19,,,,,,,,,,,,,,,,,,,,,,0,30.40239478,-91.17819962
0,0,789,20.32,9/9/2020 1:20,,,,,,,,,,,,,,,,,,,,,,0,30.40239503,-91.17819996
0,0,790,20.32,9/9/2020 1:20,,,,,,,,,,,,,,,,,,,,,,0,30.40239545,-91.17820063
0,0,791,20.32,9/9/2020 1:20,,,,,,,,,,,,,,,,,,,,,,0,30.4023957,-91.17820138
0,0,792,20.32,9/9/2020 1:20,,,,,,,,,,,,,,,,,,,,,,0,30.40239578,-91.1782023
0,0,793,20.32,9/9/2020 1:20,,,,,,,,,,,,,,,,,,,,,,0,30.4023962,-91.17820297
0,0,794,20.32,9/9/2020 1:20,,,,,,,,,,,,,,,,,,,,,,0,30.40239645,-91.17820373
0,0,795,20.32,9/9/2020 1:20,,,,,,,,,,,,,,,,,,,,,,0,30.40239654,-91.17820482
0,0,796,20.32,9/9/2020 1:20,,,,,,,,,,,,,,,,,,,,,,0,30.40239695,-91.1782054
0,0,797,20.32,9/9/2020 1:20,,,,,,,,,,,,,,,,,,,,,,0,30.40239729,-91.17820624
0,0,798,20.32,9/9/2020 1:20,,,,,,,,,,,,,,,,,,,,,,0,30.40239737,-91.17820725
0,0,799,20.32,9/9/2020 1:20,,,,,,,,,,,,,,,,,,,,,,0,30.40239788,-91.17820733
0,0,800,20.32,9/9/2020 1:20,,,,,,,,,,,,,,,,,,,,,,0,30.40239796,-91.178208
0,0,801,20.32,9/9/2020 1:20,,,,,,,,,,,,,,,,,,,,,,0,30.40239821,-91.17820817
0,0,802,20.32,9/9/2020 1:20,,,,,,,,,,,,,,,,,,,,,,0,30.40239846,-91.17820825
0,0,803,20.32,9/9/2020 1:20,,,,,,,,,,,,,,,,,,,,,,0,30.40239871,-91.17820825
0,0,804,20.32,9/9/2020 1:20,,,,,,,,,,,,,,,,,,,,,,0,30.40239913,-91.17820792
0,0,805,20.32,9/9/2020 1:20,,,,,,,,,,,,,,,,,,,,,,0,30.40239913,-91.17820742
0,0,806,20.32,9/9/2020 1:20,,,,,,,,,,,,,,,,,,,,,,0,30.40239888,-91.17820733
0,0,807,20.32,9/9/2020 1:20,,,,,,,,,,,,,,,,,,,,,,0,30.40239863,-91.17820733
0,0,808,20.32,9/9/2020 1:20,,,,,,,,,,,,,,,,,,,,,,0,30.40239804,-91.17820683
0,0,809,20.32,9/9/2020 1:20,,,,,,,,,,,,,,,,,,,,,,0,30.40239746,-91.17820658
0,0,810,20.32,9/9/2020 1:20,,,,,,,,,,,,,,,,,,,,,,0,30.40239679,-91.17820633
0,0,811,20.32,9/9/2020 1:20,,,,,,,,,,,,,,,,,,,,,,0,30.40239637,-91.17820574
0,0,812,20.32,9/9/2020 1:20,,,,,,,,,,,,,,,,,,,,,,0,30.40239586,-91.17820549
0,0,813,20.32,9/9/2020 1:20,,,,,,,,,,,,,,,,,,,,,,0,30.40239528,-91.1782054
0,0,814,20.32,9/9/2020 1:20,,,,,,,,,,,,,,,,,,,,,,0,30.40239494,-91.17820415
0,0,815,20.32,9/9/2020 1:20,,,,,,,,,,,,,,,,,,,,,,0,30.40239486,-91.17820356
0,0,816,20.32,9/9/2020 1:20,,,,,,,,,,,,,,,,,,,,,,0,30.40239444,-91.17820306
0,0,817,20.32,9/9/2020 1:20,,,,,,,,,,,,,,,,,,,,,,0,30.40239436,-91.17820205
0,0,818,20.32,9/9/2020 1:20,,,,,,,,,,,,,,,,,,,,,,0,30.4023941,-91.17820138
0,0,819,20.32,9/9/2020 1:20,,,,,,,,,,,,,,,,,,,,,,0,30.40239385,-91.17820096
0,0,820,20.32,9/9/2020 1:20,,,,,,,,,,,,,,,,,,,,,,0,30.40239352,-91.17820088
0,0,821,20.32,9/9/2020 1:20,,,,,,,,,,,,,,,,,,,,,,0,30.40239302,-91.17820121
0,0,822,20.32,9/9/2020 1:20,,,,,,,,,,,,,,,,,,,,,,0,30.40239268,-91.17820138
0,0,823,20.32,9/9/2020 1:20,,,,,,,,,,,,,,,,,,,,,,0,30.40239268,-91.17820121
0,0,824,20.32,9/9/2020 1:20,,,,,,,,,,,,,,,,,,,,,,0,30.40239234,-91.17820105
0,0,825,20.32,9/9/2020 1:20,,,,,,,,,,,,,,,,,,,,,,0,30.40239218,-91.17820113
0,0,826,20.32,9/9/2020 1:20,,,,,,,,,,,,,,,,,,,,,,0,30.40239167,-91.17820197
0,0,827,20.32,9/9/2020 1:20,,,,,,,,,,,,,,,,,,,,,,0,30.40239117,-91.17820281
0,0,828,20.81,9/9/2020 1:20,,,,,,,,,,,,,,,,,,,,,,0,30.40239067,-91.17820339
0,0,829,20.81,9/9/2020 1:20,,,,,,,,,,,,,,,,,,,,,,0,30.40239025,-91.17820406
0,0,830,20.81,9/9/2020 1:20,,,,,,,,,,,,,,,,,,,,,,0,30.40238975,-91.17820473
0,0,831,20.81,9/9/2020 1:20,,,,,,,,,,,,,,,,,,,,,,0,30.40238933,-91.17820524
0,0,832,20.81,9/9/2020 1:20,,,,,,,,,,,,,,,,,,,,,,0,30.40238882,-91.17820616
0,0,833,20.81,9/9/2020 1:20,,,,,,,,,,,,,,,,,,,,,,0,30.40238832,-91.17820683
0,0,834,20.81,9/9/2020 1:20,,,,,,,,,,,,,,,,,,,,,,0,30.40238849,-91.178207
0,0,835,20.81,9/9/2020 1:20,,,,,,,,,,,,,,,,,,,,,,0,30.40238857,-91.17820725
0,0,836,20.81,9/9/2020 1:20,,,,,,,,,,,,,,,,,,,,,,0,30.40238866,-91.1782075
0,0,837,20.81,9/9/2020 1:20,,,,,,,,,,,,,,,,,,,,,,0,30.40238857,-91.17820784
0,0,838,20.81,9/9/2020 1:20,,,,,,,,,,,,,,,,,,,,,,0,30.40238832,-91.17820859
0,0,839,20.81,9/9/2020 1:20,,,,,,,,,,,,,,,,,,,,,,0,30.40238799,-91.17820943
0,0,840,20.81,9/9/2020 1:20,,,,,,,,,,,,,,,,,,,,,,0,30.40238765,-91.17820968
0,0,841,20.81,9/9/2020 1:20,,,,,,,,,,,,,,,,,,,,,,0,30.40238732,-91.1782101
0,0,842,20.81,9/9/2020 1:20,,,,,,,,,,,,,,,,,,,,,,0,30.4023869,-91.17821035
0,0,843,20.81,9/9/2020 1:20,,,,,,,,,,,,,,,,,,,,,,0,30.40238631,-91.17821077
0,0,844,20.81,9/9/2020 1:20,,,,,,,,,,,,,,,,,,,,,,0,30.40238572,-91.1782111
0,0,845,20.81,9/9/2020 1:20,,,,,,,,,,,,,,,,,,,,,,0,30.40238522,-91.17821136
0,0,846,20.81,9/9/2020 1:20,,,,,,,,,,,,,,,,,,,,,,0,30.40238455,-91.17821169
0,0,847,20.81,9/9/2020 1:20,,,,,,,,,,,,,,,,,,,,,,0,30.40238421,-91.17821228
0,0,848,21.29,9/9/2020 1:20,,,,,,,,,,,,,,,,,,,,,,0,30.40238388,-91.17821286
0,0,849,21.29,9/9/2020 1:21,,,,,,,,,,,,,,,,,,,,,,0,30.40238346,-91.17821328
0,0,850,21.29,9/9/2020 1:21,,,,,,,,,,,,,,,,,,,,,,0,30.40238329,-91.17821353
0,0,851,21.29,9/9/2020 1:21,,,,,,,,,,,,,,,,,,,,,,0,30.40238321,-91.17821387
0,0,852,21.29,9/9/2020 1:21,,,,,,,,,,,,,,,,,,,,,,0,30.40238346,-91.17821404
0,0,853,21.29,9/9/2020 1:21,,,,,,,,,,,,,,,,,,,,,,0,30.40238346,-91.17821437
0,0,854,21.29,9/9/2020 1:21,,,,,,,,,,,,,,,,,,,,,,0,30.40238354,-91.17821462
0,0,855,21.29,9/9/2020 1:21,,,,,,,,,,,,,,,,,,,,,,0,30.40238371,-91.17821513
0,0,856,21.29,9/9/2020 1:21,,,,,,,,,,,,,,,,,,,,,,0,30.40238371,-91.17821546
0,0,857,21.77,9/9/2020 1:21,,,,,,,,,,,,,,,,,,,,,,0,30.40238405,-91.17821555
